#
# There is insufficient memory for the Java Runtime Environment to continue.
# Native memory allocation (mmap) failed to map 65536 bytes. Error detail: Failed to commit metaspace.
# Possible reasons:
#   The system is out of physical RAM or swap space
#   This process is running with CompressedOops enabled, and the Java Heap may be blocking the growth of the native heap
# Possible solutions:
#   Reduce memory load on the system
#   Increase physical memory or swap space
#   Check if swap backing store is full
#   Decrease Java heap size (-Xmx/-Xms)
#   Decrease number of Java threads
#   Decrease Java thread stack sizes (-Xss)
#   Set larger code cache with -XX:ReservedCodeCacheSize=
#   JVM is running with Unscaled Compressed Oops mode in which the Java heap is
#     placed in the first 4GB address space. The Java Heap base address is the
#     maximum limit for the native heap growth. Please use -XX:HeapBaseMinAddress
#     to set the Java Heap base and to place the Java Heap above 4GB virtual address.
# This output file may be truncated or incomplete.
#
#  Out of Memory Error (virtualSpaceNode.cpp:113), pid=10572, tid=8132
#
# JRE version: OpenJDK Runtime Environment (21.0.9) (build 21.0.9+-14649483-b1163.86)
# Java VM: OpenJDK 64-Bit Server VM (21.0.9+-14649483-b1163.86, mixed mode, tiered, compressed oops, compressed class ptrs, g1 gc, windows-amd64)
# No core dump will be written. Minidumps are not enabled by default on client versions of Windows
#

---------------  S U M M A R Y ------------

Command Line: --add-opens=java.base/java.lang=ALL-UNNAMED --add-opens=java.base/java.lang.invoke=ALL-UNNAMED --add-opens=java.base/java.util=ALL-UNNAMED --add-opens=java.prefs/java.util.prefs=ALL-UNNAMED --add-exports=jdk.compiler/com.sun.tools.javac.api=ALL-UNNAMED --add-exports=jdk.compiler/com.sun.tools.javac.util=ALL-UNNAMED --add-opens=java.base/java.util=ALL-UNNAMED --add-opens=java.prefs/java.util.prefs=ALL-UNNAMED --add-opens=java.base/java.nio.charset=ALL-UNNAMED --add-opens=java.base/java.net=ALL-UNNAMED --add-opens=java.base/java.util.concurrent=ALL-UNNAMED --add-opens=java.base/java.util.concurrent.atomic=ALL-UNNAMED --add-opens=java.xml/javax.xml.namespace=ALL-UNNAMED --add-opens=java.base/java.time=ALL-UNNAMED -Xmx2048m -Dfile.encoding=UTF-8 -Duser.country=ID -Duser.language=id -Duser.variant -javaagent:C:\Users\MyBook Hype AMD\.gradle\wrapper\dists\gradle-9.2.1-bin\2t0n5ozlw9xmuyvbp7dnzaxug\gradle-9.2.1\lib\agents\gradle-instrumentation-agent-9.2.1.jar org.gradle.launcher.daemon.bootstrap.GradleDaemon 9.2.1

Host: AMD Ryzen 5 3500U with Radeon Vega Mobile Gfx   , 8 cores, 6G,  Windows 11 , 64 bit Build 26100 (10.0.26100.7920)
Time: Mon Mar 30 09:25:20 2026 SE Asia Standard Time elapsed time: 42.196670 seconds (0d 0h 0m 42s)

---------------  T H R E A D  ---------------

Current thread (0x0000020cd99e9ad0):  JavaThread "Daemon worker"        [_thread_in_vm, id=8132, stack(0x00000067c1b00000,0x00000067c1c00000) (1024K)]

Stack: [0x00000067c1b00000,0x00000067c1c00000]
Native frames: (J=compiled Java code, j=interpreted, Vv=VM code, C=native code)
V  [jvm.dll+0x6d6c99]
V  [jvm.dll+0x866b83]
V  [jvm.dll+0x86919e]
V  [jvm.dll+0x869883]
V  [jvm.dll+0x280776]
V  [jvm.dll+0x861a3e]
V  [jvm.dll+0x67a1b5]
V  [jvm.dll+0x1e4571]
V  [jvm.dll+0x1e433e]
V  [jvm.dll+0x67cb08]
V  [jvm.dll+0x67c942]
V  [jvm.dll+0x67abae]
V  [jvm.dll+0x26b30f]
V  [jvm.dll+0x684d25]
V  [jvm.dll+0x2164dc]
V  [jvm.dll+0x216a25]
V  [jvm.dll+0x217406]
V  [jvm.dll+0x20c3ba]
V  [jvm.dll+0x5b7535]
V  [jvm.dll+0x7decf3]
V  [jvm.dll+0x7dee3b]
V  [jvm.dll+0x472707]
V  [jvm.dll+0x478058]
C  [java.dll+0x17ec]

Java frames: (J=compiled Java code, j=interpreted, Vv=VM code)
J 1093  java.lang.ClassLoader.defineClass1(Ljava/lang/ClassLoader;Ljava/lang/String;[BIILjava/security/ProtectionDomain;Ljava/lang/String;)Ljava/lang/Class; java.base@21.0.9 (0 bytes) @ 0x0000020cc5d32809 [0x0000020cc5d32740+0x00000000000000c9]
J 1582 c1 java.lang.ClassLoader.defineClass(Ljava/lang/String;[BIILjava/security/ProtectionDomain;)Ljava/lang/Class; java.base@21.0.9 (43 bytes) @ 0x0000020cbe4bc6ec [0x0000020cbe4bc3a0+0x000000000000034c]
J 4471 c1 java.security.SecureClassLoader.defineClass(Ljava/lang/String;[BIILjava/security/CodeSource;)Ljava/lang/Class; java.base@21.0.9 (16 bytes) @ 0x0000020cbe27ce9c [0x0000020cbe27cdc0+0x00000000000000dc]
J 4450 c1 java.net.URLClassLoader.defineClass(Ljava/lang/String;Ljdk/internal/loader/Resource;)Ljava/lang/Class; java.base@21.0.9 (224 bytes) @ 0x0000020cbe3f8b1c [0x0000020cbe3f78c0+0x000000000000125c]
J 4447 c1 java.net.URLClassLoader$1.run()Ljava/lang/Class; java.base@21.0.9 (81 bytes) @ 0x0000020cbe3c836c [0x0000020cbe3c7760+0x0000000000000c0c]
J 3158 c2 java.net.URLClassLoader$1.run()Ljava/lang/Object; java.base@21.0.9 (5 bytes) @ 0x0000020cc5eace60 [0x0000020cc5eace20+0x0000000000000040]
J 3159 c2 java.security.AccessController.doPrivileged(Ljava/security/PrivilegedExceptionAction;Ljava/security/AccessControlContext;)Ljava/lang/Object; java.base@21.0.9 (26 bytes) @ 0x0000020cc5eac920 [0x0000020cc5eac8c0+0x0000000000000060]
J 3921 c1 java.net.URLClassLoader.findClass(Ljava/lang/String;)Ljava/lang/Class; java.base@21.0.9 (47 bytes) @ 0x0000020cbe1f96c4 [0x0000020cbe1f9520+0x00000000000001a4]
J 4459 c2 java.lang.ClassLoader.loadClass(Ljava/lang/String;Z)Ljava/lang/Class; java.base@21.0.9 (121 bytes) @ 0x0000020cc5f5ee58 [0x0000020cc5f5c2e0+0x0000000000002b78]
J 3598 c2 java.lang.ClassLoader.loadClass(Ljava/lang/String;)Ljava/lang/Class; java.base@21.0.9 (7 bytes) @ 0x0000020cc5decc6c [0x0000020cc5decc20+0x000000000000004c]
v  ~StubRoutines::call_stub 0x0000020cc571100d
j  org.gradle.tooling.internal.adapter.ProtocolToModelAdapter$InvocationHandlerImpl.setup()V+78
j  org.gradle.tooling.internal.adapter.ProtocolToModelAdapter$InvocationHandlerImpl.<init>(Ljava/lang/Class;Ljava/lang/Object;Lorg/gradle/tooling/internal/adapter/ProtocolToModelAdapter$ViewDecoration;Lorg/gradle/tooling/internal/adapter/ProtocolToModelAdapter$ViewGraphDetails;)V+26
j  org.gradle.tooling.internal.adapter.ProtocolToModelAdapter.createView(Ljava/lang/Class;Ljava/lang/Object;Lorg/gradle/tooling/internal/adapter/ProtocolToModelAdapter$ViewDecoration;Lorg/gradle/tooling/internal/adapter/ProtocolToModelAdapter$ViewGraphDetails;)Ljava/lang/Object;+142
j  org.gradle.tooling.internal.adapter.ProtocolToModelAdapter.access$300(Ljava/lang/Class;Ljava/lang/Object;Lorg/gradle/tooling/internal/adapter/ProtocolToModelAdapter$ViewDecoration;Lorg/gradle/tooling/internal/adapter/ProtocolToModelAdapter$ViewGraphDetails;)Ljava/lang/Object;+4
j  org.gradle.tooling.internal.adapter.ProtocolToModelAdapter$DefaultViewBuilder.build(Ljava/lang/Object;)Ljava/lang/Object;+48
j  org.gradle.tooling.internal.consumer.connection.UnparameterizedBuildController.getModel(Lorg/gradle/tooling/model/Model;Ljava/lang/Class;Ljava/lang/Class;Lorg/gradle/api/Action;)Ljava/lang/Object;+105
j  org.gradle.tooling.internal.consumer.connection.NestedActionAwareBuildControllerAdapter.getModel(Lorg/gradle/tooling/model/Model;Ljava/lang/Class;Ljava/lang/Class;Lorg/gradle/api/Action;)Ljava/lang/Object;+6
j  org.gradle.tooling.internal.consumer.connection.UnparameterizedBuildController.getModel(Lorg/gradle/tooling/model/Model;Ljava/lang/Class;)Ljava/lang/Object;+5
j  org.gradle.tooling.internal.consumer.connection.NestedActionAwareBuildControllerAdapter.getModel(Lorg/gradle/tooling/model/Model;Ljava/lang/Class;)Ljava/lang/Object;+3
j  org.gradle.tooling.internal.consumer.connection.UnparameterizedBuildController.getBuildModel()Lorg/gradle/tooling/model/gradle/GradleBuild;+4
j  org.gradle.tooling.internal.consumer.connection.NestedActionAwareBuildControllerAdapter.getBuildModel()Lorg/gradle/tooling/model/gradle/GradleBuild;+1
j  com.intellij.gradle.toolingExtension.impl.modelAction.GradleModelFetchAction.lambda$initAction$7(Lorg/gradle/tooling/BuildController;Lio/opentelemetry/api/trace/Span;)Lorg/gradle/tooling/model/gradle/GradleBuild;+1
j  com.intellij.gradle.toolingExtension.impl.modelAction.GradleModelFetchAction$$Lambda+0x00000001005c9c50.apply(Ljava/lang/Object;)Ljava/lang/Object;+8
j  com.intellij.gradle.toolingExtension.impl.telemetry.GradleOpenTelemetry.callWithSpan(Ljava/lang/String;Ljava/util/function/Consumer;Ljava/util/function/Function;)Ljava/lang/Object;+66
j  com.intellij.gradle.toolingExtension.impl.telemetry.GradleOpenTelemetry.callWithSpan(Ljava/lang/String;Ljava/util/function/Function;)Ljava/lang/Object;+24
j  com.intellij.gradle.toolingExtension.impl.modelAction.GradleModelFetchAction.initAction(Lorg/gradle/tooling/BuildController;Ljava/util/concurrent/ExecutorService;Lcom/intellij/gradle/toolingExtension/impl/telemetry/GradleOpenTelemetry;Lorg/gradle/util/GradleVersion;)Lcom/intellij/gradle/toolingExtension/impl/modelAction/GradleDaemonModelHolder;+45
j  com.intellij.gradle.toolingExtension.impl.modelAction.GradleModelFetchAction.lambda$doExecute$4(Lorg/gradle/tooling/BuildController;Ljava/util/concurrent/ExecutorService;Lcom/intellij/gradle/toolingExtension/impl/telemetry/GradleOpenTelemetry;Lio/opentelemetry/api/trace/Span;)Lcom/intellij/gradle/toolingExtension/impl/modelAction/GradleDaemonModelHolder;+7
j  com.intellij.gradle.toolingExtension.impl.modelAction.GradleModelFetchAction$$Lambda+0x00000001005c92e0.apply(Ljava/lang/Object;)Ljava/lang/Object;+20
j  com.intellij.gradle.toolingExtension.impl.telemetry.GradleOpenTelemetry.callWithSpan(Ljava/lang/String;Ljava/util/function/Consumer;Ljava/util/function/Function;)Ljava/lang/Object;+66
j  com.intellij.gradle.toolingExtension.impl.telemetry.GradleOpenTelemetry.callWithSpan(Ljava/lang/String;Ljava/util/function/Function;)Ljava/lang/Object;+24
j  com.intellij.gradle.toolingExtension.impl.modelAction.GradleModelFetchAction.doExecute(Lorg/gradle/tooling/BuildController;Ljava/util/concurrent/ExecutorService;Lcom/intellij/gradle/toolingExtension/impl/telemetry/GradleOpenTelemetry;)Lcom/intellij/gradle/toolingExtension/impl/modelAction/GradleModelHolderState;+77
j  com.intellij.gradle.toolingExtension.impl.modelAction.GradleModelFetchAction.lambda$execute$1(Lorg/gradle/tooling/BuildController;Ljava/util/concurrent/ExecutorService;Lcom/intellij/gradle/toolingExtension/impl/telemetry/GradleOpenTelemetry;Lio/opentelemetry/api/trace/Span;)Lcom/intellij/gradle/toolingExtension/impl/modelAction/GradleModelHolderState;+4
j  com.intellij.gradle.toolingExtension.impl.modelAction.GradleModelFetchAction$$Lambda+0x00000001005ceb58.apply(Ljava/lang/Object;)Ljava/lang/Object;+20
j  com.intellij.gradle.toolingExtension.impl.telemetry.GradleOpenTelemetry.callWithSpan(Ljava/lang/String;Ljava/util/function/Consumer;Ljava/util/function/Function;)Ljava/lang/Object;+66
j  com.intellij.gradle.toolingExtension.impl.telemetry.GradleOpenTelemetry.callWithSpan(Ljava/lang/String;Ljava/util/function/Function;)Ljava/lang/Object;+24
j  com.intellij.gradle.toolingExtension.impl.modelAction.GradleModelFetchAction.lambda$execute$2(Lorg/gradle/tooling/BuildController;Ljava/util/concurrent/ExecutorService;Lcom/intellij/gradle/toolingExtension/impl/telemetry/GradleOpenTelemetry;)Lcom/intellij/gradle/toolingExtension/impl/modelAction/GradleModelHolderState;+13
j  com.intellij.gradle.toolingExtension.impl.modelAction.GradleModelFetchAction$$Lambda+0x00000001005c6248.apply(Ljava/lang/Object;)Ljava/lang/Object;+16
j  com.intellij.gradle.toolingExtension.impl.modelAction.GradleModelFetchAction.withOpenTelemetry(Ljava/util/function/Function;)Lcom/intellij/gradle/toolingExtension/impl/modelAction/GradleModelHolderState;+19
j  com.intellij.gradle.toolingExtension.impl.modelAction.GradleModelFetchAction.lambda$execute$3(Lorg/gradle/tooling/BuildController;Ljava/util/concurrent/ExecutorService;)Lcom/intellij/gradle/toolingExtension/impl/modelAction/GradleModelHolderState;+8
j  com.intellij.gradle.toolingExtension.impl.modelAction.GradleModelFetchAction$$Lambda+0x00000001005c5b40.apply(Ljava/lang/Object;)Ljava/lang/Object;+12
j  com.intellij.gradle.toolingExtension.impl.util.GradleExecutorServiceUtil.withSingleThreadExecutor(Ljava/lang/String;Ljava/util/function/Function;)Ljava/lang/Object;+31
j  com.intellij.gradle.toolingExtension.impl.modelAction.GradleModelFetchAction.execute(Lorg/gradle/tooling/BuildController;)Lcom/intellij/gradle/toolingExtension/impl/modelAction/GradleModelHolderState;+22
j  com.intellij.gradle.toolingExtension.impl.modelAction.GradleModelFetchAction.execute(Lorg/gradle/tooling/BuildController;)Ljava/lang/Object;+2
j  org.gradle.tooling.internal.consumer.connection.InternalBuildActionAdapter.execute(Lorg/gradle/tooling/internal/protocol/InternalBuildControllerVersion2;)Ljava/lang/Object;+11
j  org.gradle.tooling.internal.provider.runner.AbstractClientProvidedBuildActionRunner$ActionAdapter.executeAction(Ljava/lang/Object;Lorg/gradle/tooling/internal/provider/runner/DefaultBuildController;)Ljava/lang/Object;+12
j  org.gradle.tooling.internal.provider.runner.AbstractClientProvidedBuildActionRunner$ActionAdapter.runAction(Lorg/gradle/internal/buildtree/BuildTreeModelController;Ljava/lang/Object;Lorg/gradle/tooling/internal/protocol/PhasedActionResult$Phase;)V+29
j  org.gradle.tooling.internal.provider.runner.AbstractClientProvidedBuildActionRunner$ActionAdapter.beforeTasks(Lorg/gradle/internal/buildtree/BuildTreeModelController;)V+14
j  org.gradle.internal.buildtree.DefaultBuildTreeModelCreator.beforeTasks(Lorg/gradle/internal/buildtree/BuildTreeModelAction;)V+10
j  org.gradle.internal.cc.impl.barrier.BarrierAwareBuildTreeModelCreator.beforeTasks$lambda$0(Lorg/gradle/internal/cc/impl/barrier/BarrierAwareBuildTreeModelCreator;Lorg/gradle/internal/buildtree/BuildTreeModelAction;)Lkotlin/Unit;+5
j  org.gradle.internal.cc.impl.barrier.BarrierAwareBuildTreeModelCreator$$Lambda+0x0000000100565598.invoke()Ljava/lang/Object;+8
j  org.gradle.internal.cc.impl.barrier.VintageConfigurationTimeActionRunner.runConfigurationTimeAction(Lkotlin/jvm/functions/Function0;)Ljava/lang/Object;+25
j  org.gradle.internal.cc.impl.barrier.BarrierAwareBuildTreeModelCreator.beforeTasks(Lorg/gradle/internal/buildtree/BuildTreeModelAction;)V+17
j  org.gradle.internal.buildtree.DefaultBuildTreeLifecycleController.lambda$fromBuildModel$2(Lorg/gradle/internal/buildtree/BuildTreeModelAction;Z)Lorg/gradle/internal/build/ExecutionResult;+5
j  org.gradle.internal.buildtree.DefaultBuildTreeLifecycleController$$Lambda+0x000000010059a220.get()Ljava/lang/Object;+12
j  org.gradle.internal.buildtree.DefaultBuildTreeLifecycleController.lambda$runBuild$4(Ljava/util/function/Supplier;)Ljava/lang/Object;+1
j  org.gradle.internal.buildtree.DefaultBuildTreeLifecycleController$$Lambda+0x000000010059a478.get()Ljava/lang/Object;+8
j  org.gradle.internal.model.StateTransitionController.lambda$transition$6(Ljava/util/function/Supplier;)Lorg/gradle/internal/build/ExecutionResult;+1
j  org.gradle.internal.model.StateTransitionController$$Lambda+0x000000010059a928.get()Ljava/lang/Object;+4
j  org.gradle.internal.model.StateTransitionController.doTransition(Lorg/gradle/internal/model/StateTransitionController$State;Lorg/gradle/internal/model/StateTransitionController$State;Ljava/util/function/Supplier;)Lorg/gradle/internal/build/ExecutionResult;+24
j  org.gradle.internal.model.StateTransitionController.lambda$transition$7(Lorg/gradle/internal/model/StateTransitionController$State;Lorg/gradle/internal/model/StateTransitionController$State;Ljava/util/function/Supplier;)Ljava/lang/Object;+9
j  org.gradle.internal.model.StateTransitionController$$Lambda+0x000000010059a6d0.create()Ljava/lang/Object;+16
j  org.gradle.internal.work.DefaultSynchronizer.withLock(Lorg/gradle/internal/Factory;)Ljava/lang/Object;+6
j  org.gradle.internal.model.StateTransitionController.transition(Lorg/gradle/internal/model/StateTransitionController$State;Lorg/gradle/internal/model/StateTransitionController$State;Ljava/util/function/Supplier;)Ljava/lang/Object;+13
j  org.gradle.internal.buildtree.DefaultBuildTreeLifecycleController.runBuild(Ljava/util/function/Supplier;)Ljava/lang/Object;+17
j  org.gradle.internal.buildtree.DefaultBuildTreeLifecycleController.fromBuildModel(ZLorg/gradle/internal/buildtree/BuildTreeModelAction;)Ljava/lang/Object;+9
j  org.gradle.tooling.internal.provider.runner.AbstractClientProvidedBuildActionRunner.runClientAction(Lorg/gradle/tooling/internal/provider/runner/AbstractClientProvidedBuildActionRunner$ClientAction;Lorg/gradle/internal/buildtree/BuildTreeLifecycleController;)Lorg/gradle/internal/buildtree/BuildActionRunner$Result;+22
j  org.gradle.tooling.internal.provider.runner.ClientProvidedPhasedActionRunner.run(Lorg/gradle/internal/invocation/BuildAction;Lorg/gradle/internal/buildtree/BuildTreeLifecycleController;)Lorg/gradle/internal/buildtree/BuildActionRunner$Result;+45
j  org.gradle.launcher.exec.ChainingBuildActionRunner.run(Lorg/gradle/internal/invocation/BuildAction;Lorg/gradle/internal/buildtree/BuildTreeLifecycleController;)Lorg/gradle/internal/buildtree/BuildActionRunner$Result;+34
j  org.gradle.internal.buildtree.ProblemReportingBuildActionRunner.run(Lorg/gradle/internal/invocation/BuildAction;Lorg/gradle/internal/buildtree/BuildTreeLifecycleController;)Lorg/gradle/internal/buildtree/BuildActionRunner$Result;+12
j  org.gradle.launcher.exec.BuildOutcomeReportingBuildActionRunner.run(Lorg/gradle/internal/invocation/BuildAction;Lorg/gradle/internal/buildtree/BuildTreeLifecycleController;)Lorg/gradle/internal/buildtree/BuildActionRunner$Result;+69
j  org.gradle.tooling.internal.provider.FileSystemWatchingBuildActionRunner.run(Lorg/gradle/internal/invocation/BuildAction;Lorg/gradle/internal/buildtree/BuildTreeLifecycleController;)Lorg/gradle/internal/buildtree/BuildActionRunner$Result;+317
j  org.gradle.launcher.exec.BuildCompletionNotifyingBuildActionRunner.run(Lorg/gradle/internal/invocation/BuildAction;Lorg/gradle/internal/buildtree/BuildTreeLifecycleController;)Lorg/gradle/internal/buildtree/BuildActionRunner$Result;+6
j  org.gradle.launcher.exec.RootBuildLifecycleBuildActionExecutor.lambda$execute$0(Lorg/gradle/internal/invocation/BuildAction;Lorg/gradle/internal/buildtree/BuildTreeLifecycleController;)Lorg/gradle/internal/buildtree/BuildActionRunner$Result;+6
j  org.gradle.launcher.exec.RootBuildLifecycleBuildActionExecutor$$Lambda+0x00000001005639b0.apply(Ljava/lang/Object;)Ljava/lang/Object;+12
j  org.gradle.composite.internal.DefaultRootBuildState.run(Ljava/util/function/Function;)Ljava/lang/Object;+92
j  org.gradle.launcher.exec.RootBuildLifecycleBuildActionExecutor.execute(Lorg/gradle/internal/invocation/BuildAction;Lorg/gradle/internal/buildtree/BuildTreeContext;)Lorg/gradle/internal/buildtree/BuildActionRunner$Result;+119
j  org.gradle.internal.buildtree.InitDeprecationLoggingActionExecutor.execute(Lorg/gradle/internal/invocation/BuildAction;Lorg/gradle/internal/buildtree/BuildTreeContext;)Lorg/gradle/internal/buildtree/BuildActionRunner$Result;+83
j  org.gradle.internal.buildtree.InitProblems.execute(Lorg/gradle/internal/invocation/BuildAction;Lorg/gradle/internal/buildtree/BuildTreeContext;)Lorg/gradle/internal/buildtree/BuildActionRunner$Result;+13
j  org.gradle.internal.buildtree.DefaultBuildTreeContext.execute(Lorg/gradle/internal/invocation/BuildAction;)Lorg/gradle/internal/buildtree/BuildActionRunner$Result;+64
j  org.gradle.launcher.exec.BuildTreeLifecycleBuildActionExecutor.lambda$execute$0(Lorg/gradle/internal/invocation/BuildAction;Lorg/gradle/internal/buildtree/BuildTreeContext;)Lorg/gradle/internal/buildtree/BuildActionRunner$Result;+2
j  org.gradle.launcher.exec.BuildTreeLifecycleBuildActionExecutor$$Lambda+0x0000000100424000.apply(Ljava/lang/Object;)Ljava/lang/Object;+8
j  org.gradle.internal.buildtree.BuildTreeState.run(Ljava/util/function/Function;)Ljava/lang/Object;+47
j  org.gradle.launcher.exec.BuildTreeLifecycleBuildActionExecutor.execute(Lorg/gradle/internal/invocation/BuildAction;Lorg/gradle/internal/session/BuildSessionContext;)Lorg/gradle/internal/buildtree/BuildActionRunner$Result;+74
j  org.gradle.launcher.exec.RunAsBuildOperationBuildActionExecutor$2.call(Lorg/gradle/internal/operations/BuildOperationContext;)Lorg/gradle/internal/buildtree/BuildActionRunner$Result;+25
j  org.gradle.launcher.exec.RunAsBuildOperationBuildActionExecutor$2.call(Lorg/gradle/internal/operations/BuildOperationContext;)Ljava/lang/Object;+2
j  org.gradle.internal.operations.DefaultBuildOperationRunner$CallableBuildOperationWorker.execute(Lorg/gradle/internal/operations/CallableBuildOperation;Lorg/gradle/internal/operations/BuildOperationContext;)V+3
j  org.gradle.internal.operations.DefaultBuildOperationRunner$CallableBuildOperationWorker.execute(Lorg/gradle/internal/operations/BuildOperation;Lorg/gradle/internal/operations/BuildOperationContext;)V+6
j  org.gradle.internal.operations.DefaultBuildOperationRunner$2.execute(Lorg/gradle/internal/operations/BuildOperationDescriptor;Lorg/gradle/internal/operations/BuildOperationState;Lorg/gradle/internal/operations/BuildOperationState;Lorg/gradle/internal/operations/DefaultBuildOperationRunner$ReadableBuildOperationContext;Lorg/gradle/internal/operations/DefaultBuildOperationRunner$BuildOperationExecutionListener;)Lorg/gradle/internal/operations/BuildOperation;+22
j  org.gradle.internal.operations.DefaultBuildOperationRunner$2.execute(Lorg/gradle/internal/operations/BuildOperationDescriptor;Lorg/gradle/internal/operations/BuildOperationState;Lorg/gradle/internal/operations/BuildOperationState;Lorg/gradle/internal/operations/DefaultBuildOperationRunner$ReadableBuildOperationContext;Lorg/gradle/internal/operations/DefaultBuildOperationRunner$BuildOperationExecutionListener;)Ljava/lang/Object;+8
j  org.gradle.internal.operations.DefaultBuildOperationRunner.execute(Lorg/gradle/internal/operations/BuildOperationDescriptor$Builder;Lorg/gradle/internal/operations/DefaultBuildOperationRunner$BuildOperationExecution;)Ljava/lang/Object;+141
j  org.gradle.internal.operations.DefaultBuildOperationRunner.execute(Lorg/gradle/internal/operations/BuildOperation;Lorg/gradle/internal/operations/BuildOperationWorker;)V+17
j  org.gradle.internal.operations.DefaultBuildOperationRunner.call(Lorg/gradle/internal/operations/CallableBuildOperation;)Ljava/lang/Object;+12
j  org.gradle.launcher.exec.RunAsBuildOperationBuildActionExecutor.execute(Lorg/gradle/internal/invocation/BuildAction;Lorg/gradle/internal/session/BuildSessionContext;)Lorg/gradle/internal/buildtree/BuildActionRunner$Result;+23
j  org.gradle.launcher.exec.RunAsWorkerThreadBuildActionExecutor.lambda$execute$0(Lorg/gradle/internal/invocation/BuildAction;Lorg/gradle/internal/session/BuildSessionContext;)Lorg/gradle/internal/buildtree/BuildActionRunner$Result;+6
j  org.gradle.launcher.exec.RunAsWorkerThreadBuildActionExecutor$$Lambda+0x00000001003e8bd0.create()Ljava/lang/Object;+12
j  org.gradle.internal.work.DefaultWorkerLeaseService.lambda$withLocksAcquired$0(Lorg/gradle/internal/Factory;Ljava/util/Collection;)Ljava/lang/Object;+1
j  org.gradle.internal.work.DefaultWorkerLeaseService$$Lambda+0x00000001003ea9d0.create()Ljava/lang/Object;+12
j  org.gradle.internal.work.ResourceLockStatistics$1.measure(Ljava/lang/String;Ljava/lang/Iterable;Lorg/gradle/internal/Factory;)Ljava/lang/Object;+1
j  org.gradle.internal.work.DefaultWorkerLeaseService.withLocksAcquired(Ljava/util/Collection;Lorg/gradle/internal/Factory;)Ljava/lang/Object;+21
j  org.gradle.internal.work.DefaultWorkerLeaseService.withLocks(Ljava/util/Collection;Lorg/gradle/internal/Factory;)Ljava/lang/Object;+25
j  org.gradle.internal.work.DefaultWorkerLeaseService.runAsWorkerThread(Lorg/gradle/internal/Factory;)Ljava/lang/Object;+33
j  org.gradle.launcher.exec.RunAsWorkerThreadBuildActionExecutor.execute(Lorg/gradle/internal/invocation/BuildAction;Lorg/gradle/internal/session/BuildSessionContext;)Lorg/gradle/internal/buildtree/BuildActionRunner$Result;+12
j  org.gradle.tooling.internal.provider.continuous.ContinuousBuildActionExecutor.execute(Lorg/gradle/internal/invocation/BuildAction;Lorg/gradle/internal/session/BuildSessionContext;)Lorg/gradle/internal/buildtree/BuildActionRunner$Result;+58
j  org.gradle.tooling.internal.provider.SubscribableBuildActionExecutor.execute(Lorg/gradle/internal/invocation/BuildAction;Lorg/gradle/internal/session/BuildSessionContext;)Lorg/gradle/internal/buildtree/BuildActionRunner$Result;+30
j  org.gradle.internal.session.DefaultBuildSessionContext.execute(Lorg/gradle/internal/invocation/BuildAction;)Lorg/gradle/internal/buildtree/BuildActionRunner$Result;+64
j  org.gradle.internal.buildprocess.execution.BuildSessionLifecycleBuildActionExecutor$ActionImpl.apply(Lorg/gradle/internal/session/BuildSessionContext;)Lorg/gradle/launcher/exec/BuildActionResult;+6
j  org.gradle.internal.buildprocess.execution.BuildSessionLifecycleBuildActionExecutor$ActionImpl.apply(Ljava/lang/Object;)Ljava/lang/Object;+5
j  org.gradle.internal.session.BuildSessionState.run(Ljava/util/function/Function;)Ljava/lang/Object;+5
j  org.gradle.internal.buildprocess.execution.BuildSessionLifecycleBuildActionExecutor.execute(Lorg/gradle/internal/invocation/BuildAction;Lorg/gradle/launcher/exec/BuildActionParameters;Lorg/gradle/initialization/BuildRequestContext;)Lorg/gradle/launcher/exec/BuildActionResult;+95
j  org.gradle.internal.buildprocess.execution.BuildSessionLifecycleBuildActionExecutor.execute(Lorg/gradle/internal/invocation/BuildAction;Ljava/lang/Object;Ljava/lang/Object;)Lorg/gradle/launcher/exec/BuildActionResult;+10
j  org.gradle.internal.buildprocess.execution.StartParamsValidatingActionExecutor.execute(Lorg/gradle/internal/invocation/BuildAction;Lorg/gradle/launcher/exec/BuildActionParameters;Lorg/gradle/initialization/BuildRequestContext;)Lorg/gradle/launcher/exec/BuildActionResult;+142
j  org.gradle.internal.buildprocess.execution.StartParamsValidatingActionExecutor.execute(Lorg/gradle/internal/invocation/BuildAction;Ljava/lang/Object;Ljava/lang/Object;)Lorg/gradle/launcher/exec/BuildActionResult;+10
j  org.gradle.internal.buildprocess.execution.SessionFailureReportingActionExecutor.execute(Lorg/gradle/internal/invocation/BuildAction;Lorg/gradle/launcher/exec/BuildActionParameters;Lorg/gradle/initialization/BuildRequestContext;)Lorg/gradle/launcher/exec/BuildActionResult;+7
j  org.gradle.internal.buildprocess.execution.SessionFailureReportingActionExecutor.execute(Lorg/gradle/internal/invocation/BuildAction;Ljava/lang/Object;Ljava/lang/Object;)Lorg/gradle/launcher/exec/BuildActionResult;+10
j  org.gradle.internal.buildprocess.execution.SetupLoggingActionExecutor.execute(Lorg/gradle/internal/invocation/BuildAction;Lorg/gradle/launcher/exec/BuildActionParameters;Lorg/gradle/initialization/BuildRequestContext;)Lorg/gradle/launcher/exec/BuildActionResult;+50
j  org.gradle.internal.buildprocess.execution.SetupLoggingActionExecutor.execute(Lorg/gradle/internal/invocation/BuildAction;Ljava/lang/Object;Ljava/lang/Object;)Lorg/gradle/launcher/exec/BuildActionResult;+10
j  org.gradle.launcher.daemon.server.exec.ExecuteBuild.doBuild(Lorg/gradle/launcher/daemon/server/api/DaemonCommandExecution;Lorg/gradle/launcher/daemon/protocol/Build;)V+147
j  org.gradle.launcher.daemon.server.exec.BuildCommandOnly.execute(Lorg/gradle/launcher/daemon/server/api/DaemonCommandExecution;)V+49
j  org.gradle.launcher.daemon.server.api.DaemonCommandExecution.proceed()Z+23
j  org.gradle.launcher.daemon.server.exec.WatchForDisconnection.execute(Lorg/gradle/launcher/daemon/server/api/DaemonCommandExecution;)V+19
j  org.gradle.launcher.daemon.server.api.DaemonCommandExecution.proceed()Z+23
j  org.gradle.launcher.daemon.server.exec.ResetDeprecationLogger.execute(Lorg/gradle/launcher/daemon/server/api/DaemonCommandExecution;)V+7
j  org.gradle.launcher.daemon.server.api.DaemonCommandExecution.proceed()Z+23
j  org.gradle.launcher.daemon.server.exec.RequestStopIfSingleUsedDaemon.execute(Lorg/gradle/launcher/daemon/server/api/DaemonCommandExecution;)V+33
j  org.gradle.launcher.daemon.server.api.DaemonCommandExecution.proceed()Z+23
j  org.gradle.launcher.daemon.server.exec.ForwardClientInput.lambda$execute$0(Lorg/gradle/launcher/daemon/server/api/DaemonCommandExecution;Lorg/gradle/internal/daemon/clientinput/StdinHandler;)Ljava/lang/Object;+11
j  org.gradle.launcher.daemon.server.exec.ForwardClientInput$$Lambda+0x00000001002978c0.apply(Ljava/lang/Object;)Ljava/lang/Object;+8
j  org.gradle.internal.daemon.clientinput.ClientInputForwarder.forwardInput(Ljava/util/function/Function;)Ljava/lang/Object;+46
j  org.gradle.launcher.daemon.server.exec.ForwardClientInput.execute(Lorg/gradle/launcher/daemon/server/api/DaemonCommandExecution;)V+10
j  org.gradle.launcher.daemon.server.api.DaemonCommandExecution.proceed()Z+23
j  org.gradle.launcher.daemon.server.exec.LogAndCheckHealth.execute(Lorg/gradle/launcher/daemon/server/api/DaemonCommandExecution;)V+51
j  org.gradle.launcher.daemon.server.api.DaemonCommandExecution.proceed()Z+23
j  org.gradle.launcher.daemon.server.exec.LogToClient.doBuild(Lorg/gradle/launcher/daemon/server/api/DaemonCommandExecution;Lorg/gradle/launcher/daemon/protocol/Build;)V+87
j  org.gradle.launcher.daemon.server.exec.BuildCommandOnly.execute(Lorg/gradle/launcher/daemon/server/api/DaemonCommandExecution;)V+49
j  org.gradle.launcher.daemon.server.api.DaemonCommandExecution.proceed()Z+23
j  org.gradle.launcher.daemon.server.exec.EstablishBuildEnvironment.doBuild(Lorg/gradle/launcher/daemon/server/api/DaemonCommandExecution;Lorg/gradle/launcher/daemon/protocol/Build;)V+356
j  org.gradle.launcher.daemon.server.exec.BuildCommandOnly.execute(Lorg/gradle/launcher/daemon/server/api/DaemonCommandExecution;)V+49
j  org.gradle.launcher.daemon.server.api.DaemonCommandExecution.proceed()Z+23
j  org.gradle.launcher.daemon.server.exec.StartBuildOrRespondWithBusy$1.run()V+44
j  org.gradle.launcher.daemon.server.DaemonStateCoordinator.lambda$runCommand$0(Ljava/lang/Runnable;)V+1
j  org.gradle.launcher.daemon.server.DaemonStateCoordinator$$Lambda+0x00000001002962a0.run()V+8
j  org.gradle.internal.concurrent.ExecutorPolicy$CatchAndRecordFailures.onExecute(Ljava/lang/Runnable;)V+1
j  org.gradle.internal.concurrent.AbstractManagedExecutor$1.run()V+25
j  java.util.concurrent.ThreadPoolExecutor.runWorker(Ljava/util/concurrent/ThreadPoolExecutor$Worker;)V+92 java.base@21.0.9
j  java.util.concurrent.ThreadPoolExecutor$Worker.run()V+5 java.base@21.0.9
j  java.lang.Thread.runWith(Ljava/lang/Object;Ljava/lang/Runnable;)V+5 java.base@21.0.9
j  java.lang.Thread.run()V+19 java.base@21.0.9
v  ~StubRoutines::call_stub 0x0000020cc571100d

Compiled method (n/a) 42311 1093     n 0       java.lang.ClassLoader::defineClass1 (native)
 total in heap  [0x0000020cc5d32590,0x0000020cc5d32b20] = 1424
 relocation     [0x0000020cc5d326f0,0x0000020cc5d32728] = 56
 main code      [0x0000020cc5d32740,0x0000020cc5d32b19] = 985
 stub code      [0x0000020cc5d32b19,0x0000020cc5d32b20] = 7

[Constant Pool (empty)]

[MachCode]
[Entry Point]
  # {method} {0x0000020cd3024ff8} 'defineClass1' '(Ljava/lang/ClassLoader;Ljava/lang/String;[BIILjava/security/ProtectionDomain;Ljava/lang/String;)Ljava/lang/Class;' in 'java/lang/ClassLoader'
  # parm0:    rdx:rdx   = 'java/lang/ClassLoader'
  # parm1:    r8:r8     = 'java/lang/String'
  # parm2:    r9:r9     = '[B'
  # parm3:    rdi       = int
  # parm4:    rsi       = int
  # parm5:    rcx:rcx   = 'java/security/ProtectionDomain'
  # parm6:    [sp+0xa0]   = 'java/lang/String'  (sp of caller)
  0x0000020cc5d32740: 448b 5208 | 49c1 e203 | 493b c20f | 8407 0000 

  0x0000020cc5d32750: ;   {runtime_call ic_miss_stub}
  0x0000020cc5d32750: 00e9 2ac0 | a2ff 6690 
[Verified Entry Point]
  0x0000020cc5d32758: 8984 2400 | 80ff ff55 | 488b ec48 | 81ec 9000 | 0000 6690 | 4181 7f20 | 1100 0000 

  0x0000020cc5d32774: ;   {runtime_call StubRoutines (final stubs)}
  0x0000020cc5d32774: 7405 e885 | 8fa1 ff48 | 837d 1000 | 488d 4510 | 480f 4445 | 1048 8944 | 2440 4889 | 4c24 7048 
  0x0000020cc5d32794: 83f9 0048 | 8d44 2470 | 480f 4444 | 2470 4889 | 4424 3848 | 8974 2430 | 4889 7c24 | 284c 894c 
  0x0000020cc5d327b4: 2458 4983 | f900 488d | 4424 5848 | 0f44 4424 | 5848 8944 | 2420 4c89 | 4424 5049 | 83f8 004c 
  0x0000020cc5d327d4: 8d4c 2450 | 4c0f 444c | 2450 4889 | 5424 4848 | 83fa 004c | 8d44 2448 | 4c0f 4444 

  0x0000020cc5d327f0: ;   {oop(a 'java/lang/Class'{0x00000000804c3120} = 'java/lang/ClassLoader')}
  0x0000020cc5d327f0: 2448 49be | 2031 4c80 | 0000 0000 | 4c89 7424 | 784c 8d74 | 2478 498b | d6c5 f877 

  0x0000020cc5d3280c: ;   {internal_word}
  0x0000020cc5d3280c: 49ba 0928 | d3c5 0c02 | 0000 4d89 | 97a0 0300 | 0049 89a7 | 9803 0000 

  0x0000020cc5d32824: ;   {external_word}
  0x0000020cc5d32824: 49ba 78fa | b45b f97f | 0000 4180 | 3a00 0f84 | 4e00 0000 | 5241 5041 

  0x0000020cc5d3283c: ;   {metadata({method} {0x0000020cd3024ff8} 'defineClass1' '(Ljava/lang/ClassLoader;Ljava/lang/String;[BIILjava/security/ProtectionDomain;Ljava/lang/String;)Ljava/lang/Class;' in 'java/lang/ClassLoader')}
  0x0000020cc5d3283c: 5148 baf0 | 4f02 d30c | 0200 0049 | 8bcf 4883 | ec20 40f6 | c40f 0f84 | 1900 0000 | 4883 ec08 
  0x0000020cc5d3285c: ;   {runtime_call}
  0x0000020cc5d3285c: 48b8 20dd | 6e5b f97f | 0000 ffd0 | 4883 c408 | e90c 0000 

  0x0000020cc5d32870: ;   {runtime_call}
  0x0000020cc5d32870: 0048 b820 | dd6e 5bf9 | 7f00 00ff | d048 83c4 | 2041 5941 | 585a 498d | 8fb8 0300 | 0041 c787 
  0x0000020cc5d32890: 4404 0000 | 0400 0000 

  0x0000020cc5d32898: ;   {runtime_call}
  0x0000020cc5d32898: 48b8 ac16 | e8c3 f97f | 0000 ffd0 | c5f8 7741 | c787 4404 | 0000 0500 | 0000 f083 | 4424 c000 
  0x0000020cc5d328b8: 493b af48 | 0400 000f | 870e 0000 | 0041 83bf | 4004 0000 | 000f 842b | 0000 00c5 | f877 4889 
  0x0000020cc5d328d8: 45f8 498b | cf4c 8be4 | 4883 ec20 | 4883 e4f0 

  0x0000020cc5d328e8: ;   {runtime_call}
  0x0000020cc5d328e8: 48b8 3016 | 3a5b f97f | 0000 ffd0 | 498b e44d | 33e4 488b | 45f8 41c7 | 8744 0400 | 0008 0000 
  0x0000020cc5d32908: 0041 83bf | c004 0000 | 020f 84d5 

  0x0000020cc5d32914: ;   {external_word}
  0x0000020cc5d32914: 0100 0049 | ba78 fab4 | 5bf9 7f00 | 0041 803a | 000f 844c | 0000 0048 

  0x0000020cc5d3292c: ;   {metadata({method} {0x0000020cd3024ff8} 'defineClass1' '(Ljava/lang/ClassLoader;Ljava/lang/String;[BIILjava/security/ProtectionDomain;Ljava/lang/String;)Ljava/lang/Class;' in 'java/lang/ClassLoader')}
  0x0000020cc5d3292c: 8945 f848 | baf0 4f02 | d30c 0200 | 0049 8bcf | 4883 ec20 | 40f6 c40f | 0f84 1900 | 0000 4883 
  0x0000020cc5d3294c: ;   {runtime_call}
  0x0000020cc5d3294c: ec08 48b8 | 20dd 6e5b | f97f 0000 | ffd0 4883 | c408 e90c 

  0x0000020cc5d32960: ;   {runtime_call}
  0x0000020cc5d32960: 0000 0048 | b820 dd6e | 5bf9 7f00 | 00ff d048 | 83c4 2048 | 8b45 f849 | c787 9803 | 0000 0000 
  0x0000020cc5d32980: 0000 49c7 | 87a0 0300 | 0000 0000 | 00c5 f877 | 4885 c00f | 8430 0100 | 00a8 030f | 8508 0000 
  0x0000020cc5d329a0: 0048 8b00 | e920 0100 | 00a8 010f | 8509 0000 | 0048 8b40 | fee9 0f01 | 0000 488b | 40ff 4180 
  0x0000020cc5d329c0: 7f40 000f | 8400 0100 | 0048 83f8 | 000f 84f6 | 0000 0049 | 8b4f 2848 | 83f9 000f | 8414 0000 
  0x0000020cc5d329e0: 0048 83e9 | 0849 894f | 2849 034f | 3848 8901 | e9d4 0000 | 0048 83ec | 7048 8904 | 2448 894c 
  0x0000020cc5d32a00: 2408 4889 | 5424 104c | 8944 2418 | 4c89 4c24 | 204c 8954 | 2428 4c89 | 5c24 30c5 | fb11 4424 
  0x0000020cc5d32a20: 40c5 fb11 | 4c24 48c5 | fb11 5424 | 50c5 fb11 | 5c24 58c5 | fb11 6424 | 60c5 fb11 | 6c24 6849 
  0x0000020cc5d32a40: 8bd7 488b | c848 83ec | 2040 f6c4 | 0f0f 8419 | 0000 0048 

  0x0000020cc5d32a54: ;   {runtime_call}
  0x0000020cc5d32a54: 83ec 0848 | b8b0 222d | 5bf9 7f00 | 00ff d048 | 83c4 08e9 | 0c00 0000 

  0x0000020cc5d32a6c: ;   {runtime_call}
  0x0000020cc5d32a6c: 48b8 b022 | 2d5b f97f | 0000 ffd0 | 4883 c420 | c5fb 106c | 2468 c5fb | 1064 2460 | c5fb 105c 
  0x0000020cc5d32a8c: 2458 c5fb | 1054 2450 | c5fb 104c | 2448 c5fb | 1044 2440 | 4c8b 5c24 | 304c 8b54 | 2428 4c8b 
  0x0000020cc5d32aac: 4c24 204c | 8b44 2418 | 488b 5424 | 1048 8b4c | 2408 488b | 0424 4883 | c470 c5f8 | 7749 8b8f 
  0x0000020cc5d32acc: 2804 0000 | c781 0001 | 0000 0000 | 0000 c949 | 837f 0800 | 0f85 0100 

  0x0000020cc5d32ae4: ;   {runtime_call StubRoutines (initial stubs)}
  0x0000020cc5d32ae4: 0000 c3e9 | 14e4 9dff | c5f8 7748 | 8945 f84c | 8be4 4883 | ec20 4883 

  0x0000020cc5d32afc: ;   {runtime_call}
  0x0000020cc5d32afc: e4f0 48b8 | 7014 6f5b | f97f 0000 | ffd0 498b | e44d 33e4 | 488b 45f8 | e9fe fdff | fff4 f4f4 
  0x0000020cc5d32b1c: f4f4 f4f4 
[/MachCode]


Compiled method (c1) 42341 1582       3       java.lang.ClassLoader::defineClass (43 bytes)
 total in heap  [0x0000020cbe4bc190,0x0000020cbe4bcaf8] = 2408
 relocation     [0x0000020cbe4bc2f0,0x0000020cbe4bc390] = 160
 main code      [0x0000020cbe4bc3a0,0x0000020cbe4bc830] = 1168
 stub code      [0x0000020cbe4bc830,0x0000020cbe4bc8a8] = 120
 metadata       [0x0000020cbe4bc8a8,0x0000020cbe4bc8e8] = 64
 scopes data    [0x0000020cbe4bc8e8,0x0000020cbe4bc9d8] = 240
 scopes pcs     [0x0000020cbe4bc9d8,0x0000020cbe4bcab8] = 224
 dependencies   [0x0000020cbe4bcab8,0x0000020cbe4bcad0] = 24
 nul chk table  [0x0000020cbe4bcad0,0x0000020cbe4bcaf8] = 40

[Constant Pool (empty)]

[MachCode]
[Entry Point]
  # {method} {0x0000020cd3024e18} 'defineClass' '(Ljava/lang/String;[BIILjava/security/ProtectionDomain;)Ljava/lang/Class;' in 'java/lang/ClassLoader'
  # this:     rdx:rdx   = 'java/lang/ClassLoader'
  # parm0:    r8:r8     = 'java/lang/String'
  # parm1:    r9:r9     = '[B'
  # parm2:    rdi       = int
  # parm3:    rsi       = int
  # parm4:    rcx:rcx   = 'java/security/ProtectionDomain'
  #           [sp+0xc0]  (sp of caller)
  0x0000020cbe4bc3a0: 448b 5208 | 49c1 e203 

  0x0000020cbe4bc3a8: ;   {runtime_call ic_miss_stub}
  0x0000020cbe4bc3a8: 4c3b d00f | 85cf 232a | 070f 1f84 | 0000 0000 | 000f 1f80 | 0000 0000 
[Verified Entry Point]
  0x0000020cbe4bc3c0: 8984 2400 | 80ff ff55 | 4881 ecb0 | 0000 0090 | 4181 7f20 | 1100 0000 

  0x0000020cbe4bc3d8: ;   {runtime_call StubRoutines (final stubs)}
  0x0000020cbe4bc3d8: 7405 e821 | f328 0748 | 8954 2478 

  0x0000020cbe4bc3e4: ;   {metadata(method data for {method} {0x0000020cd3024e18} 'defineClass' '(Ljava/lang/String;[BIILjava/security/ProtectionDomain;)Ljava/lang/Class;' in 'java/lang/ClassLoader')}
  0x0000020cbe4bc3e4: 48bb f013 | 9fd3 0c02 | 0000 8b83 | cc00 0000 | 83c0 0289 | 83cc 0000 | 0025 fe07 | 0000 85c0 
  0x0000020cbe4bc404: 0f84 4803 | 0000 89b4 | 2494 0000 | 0089 bc24 | 9000 0000 | 4c89 8c24 | 8800 0000 

  0x0000020cbe4bc420: ;   {metadata(method data for {method} {0x0000020cd3024e18} 'defineClass' '(Ljava/lang/String;[BIILjava/security/ProtectionDomain;)Ljava/lang/Class;' in 'java/lang/ClassLoader')}
  0x0000020cbe4bc420: 488b da48 | b8f0 139f | d30c 0200 | 0048 8380 | 1001 0000 | 0149 8bd8 | 4c8b c34c | 8bc9 488b 
  0x0000020cbe4bc440: ca48 8bd1 | 4889 9c24 | 8000 0000 

  0x0000020cbe4bc44c: ;   {optimized virtual_call}
  0x0000020cbe4bc44c: 6666 90e8 

  0x0000020cbe4bc450: ; ImmutableOopMap {[120]=Oop [128]=Oop [136]=Oop }
                      ;*invokevirtual preDefineClass {reexecute=0 rethrow=0 return_oop=0}
                      ; - java.lang.ClassLoader::defineClass@4
  0x0000020cbe4bc450: cc63 fbff 

  0x0000020cbe4bc454: ;   {other}
  0x0000020cbe4bc454: 0f1f 8400 | c402 0000 | 4889 8424 | 9800 0000 | 488b 5424 

  0x0000020cbe4bc468: ;   {metadata(method data for {method} {0x0000020cd3024e18} 'defineClass' '(Ljava/lang/String;[BIILjava/security/ProtectionDomain;)Ljava/lang/Class;' in 'java/lang/ClassLoader')}
  0x0000020cbe4bc468: 7849 b8f0 | 139f d30c | 0200 0049 | 8380 4801 

  0x0000020cbe4bc478: ;   {metadata(method data for {method} {0x0000020cd3024c38} 'defineClassSourceLocation' '(Ljava/security/ProtectionDomain;)Ljava/lang/String;' in 'java/lang/ClassLoader')}
  0x0000020cbe4bc478: 0000 0149 | b8a8 fcb0 | d30c 0200 | 0041 8b90 | cc00 0000 | 83c2 0241 | 8990 cc00 | 0000 81e2 
  0x0000020cbe4bc498: feff 1f00 | 85d2 0f84 | cf02 0000 

  0x0000020cbe4bc4a4: ; implicit exception: dispatches to 0x0000020cbe4bc794
  0x0000020cbe4bc4a4: 483b 004c 

  0x0000020cbe4bc4a8: ;   {metadata(method data for {method} {0x0000020cd3024c38} 'defineClassSourceLocation' '(Ljava/security/ProtectionDomain;)Ljava/lang/String;' in 'java/lang/ClassLoader')}
  0x0000020cbe4bc4a8: 8bc0 48ba | a8fc b0d3 | 0c02 0000 | 4883 8210 | 0100 0001 | 448b 4010 

  0x0000020cbe4bc4c0: ;   {metadata(method data for {method} {0x0000020cd3024c38} 'defineClassSourceLocation' '(Ljava/security/ProtectionDomain;)Ljava/lang/String;' in 'java/lang/ClassLoader')}
  0x0000020cbe4bc4c0: 4d85 c048 | baa8 fcb0 | d30c 0200 | 0048 c7c6 | 5801 0000 | 7507 48c7 | c648 0100 | 0048 8b3c 
  0x0000020cbe4bc4e0: 3248 8d7f | 0148 893c | 320f 850f 

  0x0000020cbe4bc4ec: ;   {oop(nullptr)}
  0x0000020cbe4bc4ec: 0000 0048 | bb00 0000 | 0000 0000 | 00e9 9901 | 0000 493b | 0049 8bd0 

  0x0000020cbe4bc504: ;   {metadata(method data for {method} {0x0000020cd3024c38} 'defineClassSourceLocation' '(Ljava/security/ProtectionDomain;)Ljava/lang/String;' in 'java/lang/ClassLoader')}
  0x0000020cbe4bc504: 48be a8fc | b0d3 0c02 | 0000 4883 | 8668 0100 | 0001 418b | 500c 4885 

  0x0000020cbe4bc51c: ;   {metadata(method data for {method} {0x0000020cd3024c38} 'defineClassSourceLocation' '(Ljava/security/ProtectionDomain;)Ljava/lang/String;' in 'java/lang/ClassLoader')}
  0x0000020cbe4bc51c: d248 bea8 | fcb0 d30c | 0200 0048 | c7c7 b001 | 0000 7507 | 48c7 c7a0 | 0100 0048 | 8b1c 3e48 
  0x0000020cbe4bc53c: 8d5b 0148 | 891c 3e0f | 850f 0000 

  0x0000020cbe4bc548: ;   {oop(nullptr)}
  0x0000020cbe4bc548: 0048 bb00 | 0000 0000 | 0000 00e9 | 3f01 0000 

  0x0000020cbe4bc558: ;   {metadata(method data for {method} {0x0000020cd3024c38} 'defineClassSourceLocation' '(Ljava/security/ProtectionDomain;)Ljava/lang/String;' in 'java/lang/ClassLoader')}
  0x0000020cbe4bc558: 48be a8fc | b0d3 0c02 | 0000 4883 | 86c0 0100 | 0001 483b | 024c 8bc2 

  0x0000020cbe4bc570: ;   {metadata(method data for {method} {0x0000020cd3024c38} 'defineClassSourceLocation' '(Ljava/security/ProtectionDomain;)Ljava/lang/String;' in 'java/lang/ClassLoader')}
  0x0000020cbe4bc570: 48be a8fc | b0d3 0c02 | 0000 4883 | 86f8 0100 

  0x0000020cbe4bc580: ;   {metadata(method data for {method} {0x0000020cd30f5cd0} 'toString' '()Ljava/lang/String;' in 'java/net/URL')}
  0x0000020cbe4bc580: 0001 49b8 | 5877 74d3 | 0c02 0000 | 418b b0cc | 0000 0083 | c602 4189 | b0cc 0000 | 0081 e6fe 
  0x0000020cbe4bc5a0: ff1f 0085 | f60f 84f8 | 0100 004c 

  0x0000020cbe4bc5ac: ;   {metadata(method data for {method} {0x0000020cd30f5cd0} 'toString' '()Ljava/lang/String;' in 'java/net/URL')}
  0x0000020cbe4bc5ac: 8bc2 48be | 5877 74d3 | 0c02 0000 | 4883 8610 | 0100 0001 

  0x0000020cbe4bc5c0: ;   {metadata(method data for {method} {0x0000020cd30f5d88} 'toExternalForm' '()Ljava/lang/String;' in 'java/net/URL')}
  0x0000020cbe4bc5c0: 49b8 e078 | 74d3 0c02 | 0000 418b | b0cc 0000 | 0083 c602 | 4189 b0cc | 0000 0081 | e6fe ff1f 
  0x0000020cbe4bc5e0: 0085 f60f | 84db 0100 | 008b 7238 

  0x0000020cbe4bc5ec: ; implicit exception: dispatches to 0x0000020cbe4bc7e5
  0x0000020cbe4bc5ec: 483b 064c 

  0x0000020cbe4bc5f0: ;   {metadata(method data for {method} {0x0000020cd30f5d88} 'toExternalForm' '()Ljava/lang/String;' in 'java/net/URL')}
  0x0000020cbe4bc5f0: 8bc6 48bf | e078 74d3 | 0c02 0000 | 458b 4008 | 49c1 e003 | 4c3b 8720 | 0100 0075 | 0d48 8387 
  0x0000020cbe4bc610: 2801 0000 | 01e9 6000 | 0000 4c3b | 8730 0100 | 0075 0d48 | 8387 3801 | 0000 01e9 | 4a00 0000 
  0x0000020cbe4bc630: 4883 bf20 | 0100 0000 | 7517 4c89 | 8720 0100 | 0048 c787 | 2801 0000 | 0100 0000 | e929 0000 
  0x0000020cbe4bc650: 0048 83bf | 3001 0000 | 0075 174c | 8987 3001 | 0000 48c7 | 8738 0100 | 0001 0000 | 00e9 0800 
  0x0000020cbe4bc670: 0000 4883 | 8710 0100 | 0001 4c8b | c248 8bd6 | 0f1f 8000 

  0x0000020cbe4bc684: ;   {optimized virtual_call}
  0x0000020cbe4bc684: 0000 00e8 

  0x0000020cbe4bc688: ; ImmutableOopMap {[120]=Oop [128]=Oop [136]=Oop [152]=Oop }
                      ;*invokevirtual toExternalForm {reexecute=0 rethrow=0 return_oop=0}
                      ; - java.net.URL::toExternalForm@5
                      ; - java.net.URL::toString@1
                      ; - java.lang.ClassLoader::defineClassSourceLocation@22
                      ; - java.lang.ClassLoader::defineClass@12
  0x0000020cbe4bc688: 9474 8d07 

  0x0000020cbe4bc68c: ;   {other}
  0x0000020cbe4bc68c: 0f1f 8400 | fc04 0001 | 488b d848 | 8b84 2498 | 0000 008b | b424 9400 | 0000 8bbc | 2490 0000 
  0x0000020cbe4bc6ac: 004c 8b8c | 2488 0000 | 004c 8b84 | 2480 0000 | 0048 8b54 

  0x0000020cbe4bc6c0: ;   {metadata(method data for {method} {0x0000020cd3024e18} 'defineClass' '(Ljava/lang/String;[BIILjava/security/ProtectionDomain;)Ljava/lang/Class;' in 'java/lang/ClassLoader')}
  0x0000020cbe4bc6c0: 2478 48b9 | f013 9fd3 | 0c02 0000 | 4883 8180 | 0100 0001 | 4c8b da49 | 8bd3 488b | c848 891c 
  0x0000020cbe4bc6e0: 2466 0f1f 

  0x0000020cbe4bc6e4: ;   {static_call}
  0x0000020cbe4bc6e4: 4400 00e8 

  0x0000020cbe4bc6e8: ; ImmutableOopMap {[120]=Oop [152]=Oop }
                      ;*invokestatic defineClass1 {reexecute=0 rethrow=0 return_oop=0}
                      ; - java.lang.ClassLoader::defineClass@27
  0x0000020cbe4bc6e8: 6c60 8707 

  0x0000020cbe4bc6ec: ;   {other}
  0x0000020cbe4bc6ec: 0f1f 8400 | 5c05 0002 | 488b 5424 

  0x0000020cbe4bc6f8: ;   {metadata(method data for {method} {0x0000020cd3024e18} 'defineClass' '(Ljava/lang/String;[BIILjava/security/ProtectionDomain;)Ljava/lang/Class;' in 'java/lang/ClassLoader')}
  0x0000020cbe4bc6f8: 7849 b8f0 | 139f d30c | 0200 0049 | 8380 9001 | 0000 014c | 8bc0 4c8b | 8c24 9800 | 0000 488b 
  0x0000020cbe4bc718: 5424 7848 | 8984 24a0 | 0000 000f 

  0x0000020cbe4bc724: ;   {optimized virtual_call}
  0x0000020cbe4bc724: 1f40 00e8 

  0x0000020cbe4bc728: ; ImmutableOopMap {[160]=Oop }
                      ;*invokevirtual postDefineClass {reexecute=0 rethrow=0 return_oop=0}
                      ; - java.lang.ClassLoader::defineClass@37
  0x0000020cbe4bc728: f470 e3ff 

  0x0000020cbe4bc72c: ;   {other}
  0x0000020cbe4bc72c: 0f1f 8400 | 9c05 0003 | 488b 8424 | a000 0000 | 4881 c4b0 | 0000 005d 

  0x0000020cbe4bc744: ;   {poll_return}
  0x0000020cbe4bc744: 493b a748 | 0400 000f | 8799 0000 

  0x0000020cbe4bc750: ;   {metadata({method} {0x0000020cd3024e18} 'defineClass' '(Ljava/lang/String;[BIILjava/security/ProtectionDomain;)Ljava/lang/Class;' in 'java/lang/ClassLoader')}
  0x0000020cbe4bc750: 00c3 49ba | 104e 02d3 | 0c02 0000 | 4c89 5424 | 0848 c704 | 24ff ffff 

  0x0000020cbe4bc768: ;   {runtime_call counter_overflow Runtime1 stub}
  0x0000020cbe4bc768: ffe8 12fc 

  0x0000020cbe4bc76c: ; ImmutableOopMap {rdx=Oop r8=Oop r9=Oop rcx=Oop [120]=Oop }
                      ;*synchronization entry
                      ; - java.lang.ClassLoader::defineClass@-1
  0x0000020cbe4bc76c: 3407 e997 

  0x0000020cbe4bc770: ;   {metadata({method} {0x0000020cd3024c38} 'defineClassSourceLocation' '(Ljava/security/ProtectionDomain;)Ljava/lang/String;' in 'java/lang/ClassLoader')}
  0x0000020cbe4bc770: fcff ff49 | ba30 4c02 | d30c 0200 | 004c 8954 | 2408 48c7 | 0424 ffff 

  0x0000020cbe4bc788: ;   {runtime_call counter_overflow Runtime1 stub}
  0x0000020cbe4bc788: ffff e8f1 

  0x0000020cbe4bc78c: ; ImmutableOopMap {rax=Oop [120]=Oop [128]=Oop [136]=Oop [152]=Oop }
                      ;*synchronization entry
                      ; - java.lang.ClassLoader::defineClassSourceLocation@-1
                      ; - java.lang.ClassLoader::defineClass@12
  0x0000020cbe4bc78c: fb34 07e9 | 10fd ffff 

  0x0000020cbe4bc794: ;   {runtime_call throw_null_pointer_exception Runtime1 stub}
  0x0000020cbe4bc794: e8e7 aa34 

  0x0000020cbe4bc798: ; ImmutableOopMap {rax=Oop [120]=Oop [128]=Oop [136]=Oop [152]=Oop }
                      ;*invokevirtual getCodeSource {reexecute=0 rethrow=0 return_oop=0}
                      ; - java.lang.ClassLoader::defineClassSourceLocation@1
                      ; - java.lang.ClassLoader::defineClass@12
                      ;   {runtime_call throw_null_pointer_exception Runtime1 stub}
  0x0000020cbe4bc798: 07e8 e2aa 

  0x0000020cbe4bc79c: ; ImmutableOopMap {rax=Oop r8=Oop [120]=Oop [128]=Oop [136]=Oop [152]=Oop }
                      ;*invokevirtual getLocation {reexecute=0 rethrow=0 return_oop=0}
                      ; - java.lang.ClassLoader::defineClassSourceLocation@12
                      ; - java.lang.ClassLoader::defineClass@12
                      ;   {runtime_call throw_null_pointer_exception Runtime1 stub}
  0x0000020cbe4bc79c: 3407 e8dd 

  0x0000020cbe4bc7a0: ; ImmutableOopMap {rdx=Oop [120]=Oop [128]=Oop [136]=Oop [152]=Oop }
                      ;*invokevirtual toString {reexecute=0 rethrow=0 return_oop=0}
                      ; - java.lang.ClassLoader::defineClassSourceLocation@22
                      ; - java.lang.ClassLoader::defineClass@12
                      ;   {metadata({method} {0x0000020cd30f5cd0} 'toString' '()Ljava/lang/String;' in 'java/net/URL')}
  0x0000020cbe4bc7a0: aa34 0749 | bac8 5c0f | d30c 0200 | 004c 8954 | 2408 48c7 | 0424 ffff 

  0x0000020cbe4bc7b8: ;   {runtime_call counter_overflow Runtime1 stub}
  0x0000020cbe4bc7b8: ffff e8c1 

  0x0000020cbe4bc7bc: ; ImmutableOopMap {rdx=Oop [120]=Oop [128]=Oop [136]=Oop [152]=Oop }
                      ;*synchronization entry
                      ; - java.net.URL::toString@-1
                      ; - java.lang.ClassLoader::defineClassSourceLocation@22
                      ; - java.lang.ClassLoader::defineClass@12
  0x0000020cbe4bc7bc: fb34 07e9 | e7fd ffff 

  0x0000020cbe4bc7c4: ;   {metadata({method} {0x0000020cd30f5d88} 'toExternalForm' '()Ljava/lang/String;' in 'java/net/URL')}
  0x0000020cbe4bc7c4: 49ba 805d | 0fd3 0c02 | 0000 4c89 | 5424 0848 | c704 24ff 

  0x0000020cbe4bc7d8: ;   {runtime_call counter_overflow Runtime1 stub}
  0x0000020cbe4bc7d8: ffff ffe8 

  0x0000020cbe4bc7dc: ; ImmutableOopMap {rdx=Oop [120]=Oop [128]=Oop [136]=Oop [152]=Oop }
                      ;*synchronization entry
                      ; - java.net.URL::toExternalForm@-1
                      ; - java.net.URL::toString@1
                      ; - java.lang.ClassLoader::defineClassSourceLocation@22
                      ; - java.lang.ClassLoader::defineClass@12
  0x0000020cbe4bc7dc: a0fb 3407 | e904 feff 

  0x0000020cbe4bc7e4: ;   {runtime_call throw_null_pointer_exception Runtime1 stub}
  0x0000020cbe4bc7e4: ffe8 96aa 

  0x0000020cbe4bc7e8: ; ImmutableOopMap {rdx=Oop rsi=Oop [120]=Oop [128]=Oop [136]=Oop [152]=Oop }
                      ;*invokevirtual toExternalForm {reexecute=0 rethrow=0 return_oop=0}
                      ; - java.net.URL::toExternalForm@5
                      ; - java.net.URL::toString@1
                      ; - java.lang.ClassLoader::defineClassSourceLocation@22
                      ; - java.lang.ClassLoader::defineClass@12
                      ;   {internal_word}
  0x0000020cbe4bc7e8: 3407 49ba | 44c7 4bbe | 0c02 0000 | 4d89 9760 

  0x0000020cbe4bc7f8: ;   {runtime_call SafepointBlob}
  0x0000020cbe4bc7f8: 0400 00e9 | 008c 2a07 | 498b 87f8 | 0400 0049 | c787 f804 | 0000 0000 | 0000 49c7 | 8700 0500 
  0x0000020cbe4bc818: 0000 0000 | 0048 81c4 | b000 0000 

  0x0000020cbe4bc824: ;   {runtime_call unwind_exception Runtime1 stub}
  0x0000020cbe4bc824: 5de9 569b | 3407 f4f4 | f4f4 f4f4 
[Stub Code]
  0x0000020cbe4bc830: ;   {no_reloc}
  0x0000020cbe4bc830: 0f1f 4400 

  0x0000020cbe4bc834: ;   {static_stub}
  0x0000020cbe4bc834: 0048 bb00 | 0000 0000 

  0x0000020cbe4bc83c: ;   {runtime_call nmethod}
  0x0000020cbe4bc83c: 0000 00e9 | fbff ffff 

  0x0000020cbe4bc844: ;   {static_stub}
  0x0000020cbe4bc844: 48bb 0000 | 0000 0000 

  0x0000020cbe4bc84c: ;   {runtime_call nmethod}
  0x0000020cbe4bc84c: 0000 e9fb 

  0x0000020cbe4bc850: ;   {static_stub}
  0x0000020cbe4bc850: ffff ff48 | bb00 0000 | 0000 0000 

  0x0000020cbe4bc85c: ;   {runtime_call nmethod}
  0x0000020cbe4bc85c: 00e9 fbff 

  0x0000020cbe4bc860: ;   {static_stub}
  0x0000020cbe4bc860: ffff 48bb | 204d 02d3 | 0c02 0000 

  0x0000020cbe4bc86c: ;   {runtime_call I2C/C2I adapters}
  0x0000020cbe4bc86c: e9f1 e529 

  0x0000020cbe4bc870: ;   {runtime_call handle_exception_from_callee Runtime1 stub}
  0x0000020cbe4bc870: 07e8 0ac8 

  0x0000020cbe4bc874: ;   {external_word}
  0x0000020cbe4bc874: 3407 48b9 | b061 8f5b | f97f 0000 | 4883 e4f0 

  0x0000020cbe4bc884: ;   {runtime_call}
  0x0000020cbe4bc884: 48b8 70cf | 5d5b f97f | 0000 ffd0 

  0x0000020cbe4bc890: ;   {section_word}
  0x0000020cbe4bc890: f449 ba91 | c84b be0c | 0200 0041 

  0x0000020cbe4bc89c: ;   {runtime_call DeoptimizationBlob}
  0x0000020cbe4bc89c: 52e9 fe7d | 2a07 f4f4 | f4f4 f4f4 
[/MachCode]


Compiled method (c1) 42389 4471       3       java.security.SecureClassLoader::defineClass (16 bytes)
 total in heap  [0x0000020cbe27cc10,0x0000020cbe27d010] = 1024
 relocation     [0x0000020cbe27cd70,0x0000020cbe27cdc0] = 80
 main code      [0x0000020cbe27cdc0,0x0000020cbe27cf18] = 344
 stub code      [0x0000020cbe27cf18,0x0000020cbe27cf68] = 80
 metadata       [0x0000020cbe27cf68,0x0000020cbe27cf70] = 8
 scopes data    [0x0000020cbe27cf70,0x0000020cbe27cfb8] = 72
 scopes pcs     [0x0000020cbe27cfb8,0x0000020cbe27d008] = 80
 dependencies   [0x0000020cbe27d008,0x0000020cbe27d010] = 8

[Constant Pool (empty)]

[MachCode]
[Entry Point]
  # {method} {0x0000020cd303d768} 'defineClass' '(Ljava/lang/String;[BIILjava/security/CodeSource;)Ljava/lang/Class;' in 'java/security/SecureClassLoader'
  # this:     rdx:rdx   = 'java/security/SecureClassLoader'
  # parm0:    r8:r8     = 'java/lang/String'
  # parm1:    r9:r9     = '[B'
  # parm2:    rdi       = int
  # parm3:    rsi       = int
  # parm4:    rcx:rcx   = 'java/security/CodeSource'
  #           [sp+0x80]  (sp of caller)
  0x0000020cbe27cdc0: 448b 5208 | 49c1 e203 

  0x0000020cbe27cdc8: ;   {runtime_call ic_miss_stub}
  0x0000020cbe27cdc8: 4c3b d00f | 85af 194e | 070f 1f84 | 0000 0000 | 000f 1f80 | 0000 0000 
[Verified Entry Point]
  0x0000020cbe27cde0: 8984 2400 | 80ff ff55 | 4883 ec70 | 4181 7f20 | 1100 0000 

  0x0000020cbe27cdf4: ;   {runtime_call StubRoutines (final stubs)}
  0x0000020cbe27cdf4: 7405 e805 

  0x0000020cbe27cdf8: ;   {metadata(method data for {method} {0x0000020cd303d768} 'defineClass' '(Ljava/lang/String;[BIILjava/security/CodeSource;)Ljava/lang/Class;' in 'java/security/SecureClassLoader')}
  0x0000020cbe27cdf8: e94c 0748 | bba0 a899 | d30c 0200 | 008b 83cc | 0000 0083 | c002 8983 | cc00 0000 | 25fe 0700 
  0x0000020cbe27ce18: 0085 c00f | 8496 0000 | 0089 7424 | 5c89 7c24 | 584c 894c | 2450 4c89 | 4424 4848 

  0x0000020cbe27ce34: ;   {metadata(method data for {method} {0x0000020cd303d768} 'defineClass' '(Ljava/lang/String;[BIILjava/security/CodeSource;)Ljava/lang/Class;' in 'java/security/SecureClassLoader')}
  0x0000020cbe27ce34: 8bda 48b8 | a0a8 99d3 | 0c02 0000 | 4883 8010 | 0100 0001 | 4c8b c148 | 8bc2 488b | d048 8944 
  0x0000020cbe27ce54: ;   {optimized virtual_call}
  0x0000020cbe27ce54: 2440 90e8 

  0x0000020cbe27ce58: ; ImmutableOopMap {[64]=Oop [72]=Oop [80]=Oop }
                      ;*invokevirtual getProtectionDomain {reexecute=0 rethrow=0 return_oop=0}
                      ; - java.security.SecureClassLoader::defineClass@9
  0x0000020cbe27ce58: a470 db07 

  0x0000020cbe27ce5c: ;   {other}
  0x0000020cbe27ce5c: 0f1f 8400 | 4c02 0000 | 488b 5424 

  0x0000020cbe27ce68: ;   {metadata(method data for {method} {0x0000020cd303d768} 'defineClass' '(Ljava/lang/String;[BIILjava/security/CodeSource;)Ljava/lang/Class;' in 'java/security/SecureClassLoader')}
  0x0000020cbe27ce68: 4049 b8a0 | a899 d30c | 0200 0049 | 8380 4801 | 0000 014c | 8b44 2448 | 4c8b 4c24 | 508b 7c24 
  0x0000020cbe27ce88: 588b 7424 | 5c48 8bc8 | 488b 5424 

  0x0000020cbe27ce94: ;   {optimized virtual_call}
  0x0000020cbe27ce94: 4066 90e8 

  0x0000020cbe27ce98: ; ImmutableOopMap {}
                      ;*invokevirtual defineClass {reexecute=0 rethrow=0 return_oop=0}
                      ; - java.security.SecureClassLoader::defineClass@12
  0x0000020cbe27ce98: 24f5 2300 

  0x0000020cbe27ce9c: ;   {other}
  0x0000020cbe27ce9c: 0f1f 8400 | 8c02 0001 | 4883 c470 

  0x0000020cbe27cea8: ;   {poll_return}
  0x0000020cbe27cea8: 5d49 3ba7 | 4804 0000 | 0f87 2200 

  0x0000020cbe27ceb4: ;   {metadata({method} {0x0000020cd303d768} 'defineClass' '(Ljava/lang/String;[BIILjava/security/CodeSource;)Ljava/lang/Class;' in 'java/security/SecureClassLoader')}
  0x0000020cbe27ceb4: 0000 c349 | ba60 d703 | d30c 0200 | 004c 8954 | 2408 48c7 | 0424 ffff 

  0x0000020cbe27cecc: ;   {runtime_call counter_overflow Runtime1 stub}
  0x0000020cbe27cecc: ffff e8ad 

  0x0000020cbe27ced0: ; ImmutableOopMap {rdx=Oop r8=Oop r9=Oop rcx=Oop }
                      ;*synchronization entry
                      ; - java.security.SecureClassLoader::defineClass@-1
  0x0000020cbe27ced0: f458 07e9 | 49ff ffff 

  0x0000020cbe27ced8: ;   {internal_word}
  0x0000020cbe27ced8: 49ba a9ce | 27be 0c02 | 0000 4d89 | 9760 0400 

  0x0000020cbe27cee8: ;   {runtime_call SafepointBlob}
  0x0000020cbe27cee8: 00e9 1285 | 4e07 498b | 87f8 0400 | 0049 c787 | f804 0000 | 0000 0000 | 49c7 8700 | 0500 0000 
  0x0000020cbe27cf08: 0000 0048 | 83c4 705d 

  0x0000020cbe27cf10: ;   {runtime_call unwind_exception Runtime1 stub}
  0x0000020cbe27cf10: e96b 9458 | 07f4 f4f4 
[Stub Code]
  0x0000020cbe27cf18: ;   {no_reloc}
  0x0000020cbe27cf18: 48bb 0000 | 0000 0000 

  0x0000020cbe27cf20: ;   {runtime_call nmethod}
  0x0000020cbe27cf20: 0000 e9fb 

  0x0000020cbe27cf24: ;   {static_stub}
  0x0000020cbe27cf24: ffff ff48 | bb00 0000 | 0000 0000 

  0x0000020cbe27cf30: ;   {runtime_call nmethod}
  0x0000020cbe27cf30: 00e9 fbff 

  0x0000020cbe27cf34: ;   {runtime_call handle_exception_from_callee Runtime1 stub}
  0x0000020cbe27cf34: ffff e845 

  0x0000020cbe27cf38: ;   {external_word}
  0x0000020cbe27cf38: c158 0748 | b9b0 618f | 5bf9 7f00 | 0048 83e4 

  0x0000020cbe27cf48: ;   {runtime_call}
  0x0000020cbe27cf48: f048 b870 | cf5d 5bf9 | 7f00 00ff 

  0x0000020cbe27cf54: ;   {section_word}
  0x0000020cbe27cf54: d0f4 49ba | 56cf 27be | 0c02 0000 

  0x0000020cbe27cf60: ;   {runtime_call DeoptimizationBlob}
  0x0000020cbe27cf60: 4152 e939 | 774e 07f4 
[/MachCode]


---------------  P R O C E S S  ---------------

Threads class SMR info:
_java_thread_list=0x0000020cdb5c26d0, length=61, elements={
0x0000020cbb0a97c0, 0x0000020cd29331e0, 0x0000020cd2943380, 0x0000020cd2935c50,
0x0000020cd2938020, 0x0000020cd2938a80, 0x0000020cd29596d0, 0x0000020cd295a260,
0x0000020cd295b120, 0x0000020cd295c9b0, 0x0000020cd701c0d0, 0x0000020cd99b4f90,
0x0000020cd7e0ff10, 0x0000020cd7dd1fd0, 0x0000020cd9a5c220, 0x0000020cd9a61250,
0x0000020cd9a168e0, 0x0000020cd99e9ad0, 0x0000020cd99eae80, 0x0000020cd99ea160,
0x0000020cd99e8720, 0x0000020cd99e7a00, 0x0000020cd99e8db0, 0x0000020cd99e8090,
0x0000020cda037420, 0x0000020cda036d90, 0x0000020cda037ab0, 0x0000020cda03af30,
0x0000020cda0394f0, 0x0000020cda03b5c0, 0x0000020cda038140, 0x0000020cda03bc50,
0x0000020cda0387d0, 0x0000020cda03c2e0, 0x0000020cda038e60, 0x0000020cda03a8a0,
0x0000020cda039b80, 0x0000020cda03d690, 0x0000020cda03dd20, 0x0000020cda03c970,
0x0000020cda03e3b0, 0x0000020cdacf97c0, 0x0000020cdacf76f0, 0x0000020cdacf8aa0,
0x0000020cdacfd2d0, 0x0000020cdacf9e50, 0x0000020cdacfd960, 0x0000020cdacfa4e0,
0x0000020cdacfdff0, 0x0000020cdacfe680, 0x0000020cd8e6d0e0, 0x0000020cd8e6d770,
0x0000020cd8e6de00, 0x0000020cd8e6ca50, 0x0000020cd8e6e490, 0x0000020cd8e6eb20,
0x0000020cd8e6f1b0, 0x0000020cd8e6bd30, 0x0000020cd8e73350, 0x0000020cd8e70bf0,
0x0000020cd8e71fa0
}

Java Threads: ( => current thread )
  0x0000020cbb0a97c0 JavaThread "main"                              [_thread_blocked, id=1756, stack(0x00000067bfb00000,0x00000067bfc00000) (1024K)]
  0x0000020cd29331e0 JavaThread "Common-Cleaner"             daemon [_thread_blocked, id=10500, stack(0x00000067c0300000,0x00000067c0400000) (1024K)]
  0x0000020cd2943380 JavaThread "Reference Handler"          daemon [_thread_blocked, id=15324, stack(0x00000067c0400000,0x00000067c0500000) (1024K)]
  0x0000020cd2935c50 JavaThread "Finalizer"                  daemon [_thread_blocked, id=9748, stack(0x00000067c0500000,0x00000067c0600000) (1024K)]
  0x0000020cd2938020 JavaThread "Signal Dispatcher"          daemon [_thread_blocked, id=8712, stack(0x00000067c0600000,0x00000067c0700000) (1024K)]
  0x0000020cd2938a80 JavaThread "Attach Listener"            daemon [_thread_blocked, id=4784, stack(0x00000067c0700000,0x00000067c0800000) (1024K)]
  0x0000020cd29596d0 JavaThread "Service Thread"             daemon [_thread_blocked, id=12436, stack(0x00000067c0800000,0x00000067c0900000) (1024K)]
  0x0000020cd295a260 JavaThread "Monitor Deflation Thread"   daemon [_thread_blocked, id=11788, stack(0x00000067c0900000,0x00000067c0a00000) (1024K)]
  0x0000020cd295b120 JavaThread "C2 CompilerThread0"         daemon [_thread_blocked, id=15016, stack(0x00000067c0a00000,0x00000067c0b00000) (1024K)]
  0x0000020cd295c9b0 JavaThread "C1 CompilerThread0"         daemon [_thread_blocked, id=13624, stack(0x00000067c0b00000,0x00000067c0c00000) (1024K)]
  0x0000020cd701c0d0 JavaThread "Notification Thread"        daemon [_thread_blocked, id=10988, stack(0x00000067c0c00000,0x00000067c0d00000) (1024K)]
  0x0000020cd99b4f90 JavaThread "Daemon health stats"               [_thread_blocked, id=8704, stack(0x00000067c1100000,0x00000067c1200000) (1024K)]
  0x0000020cd7e0ff10 JavaThread "Incoming local TCP Connector on port 51312"        [_thread_in_native, id=2548, stack(0x00000067c1400000,0x00000067c1500000) (1024K)]
  0x0000020cd7dd1fd0 JavaThread "Daemon periodic checks"            [_thread_blocked, id=8276, stack(0x00000067c1500000,0x00000067c1600000) (1024K)]
  0x0000020cd9a5c220 JavaThread "Daemon"                            [_thread_blocked, id=7284, stack(0x00000067c1600000,0x00000067c1700000) (1024K)]
  0x0000020cd9a61250 JavaThread "Handler for socket connection from /127.0.0.1:51312 to /127.0.0.1:51313"        [_thread_in_native, id=8120, stack(0x00000067c1700000,0x00000067c1800000) (1024K)]
  0x0000020cd9a168e0 JavaThread "Cancel handler"                    [_thread_blocked, id=3324, stack(0x00000067c1300000,0x00000067c1400000) (1024K)]
=>0x0000020cd99e9ad0 JavaThread "Daemon worker"                     [_thread_in_vm, id=8132, stack(0x00000067c1b00000,0x00000067c1c00000) (1024K)]
  0x0000020cd99eae80 JavaThread "Asynchronous log dispatcher for DefaultDaemonConnection: socket connection from /127.0.0.1:51312 to /127.0.0.1:51313"        [_thread_blocked, id=13156, stack(0x00000067c1c00000,0x00000067c1d00000) (1024K)]
  0x0000020cd99ea160 JavaThread "Stdin handler"                     [_thread_blocked, id=12036, stack(0x00000067c1d00000,0x00000067c1e00000) (1024K)]
  0x0000020cd99e8720 JavaThread "Daemon client event forwarder"        [_thread_blocked, id=9188, stack(0x00000067c1e00000,0x00000067c1f00000) (1024K)]
  0x0000020cd99e7a00 JavaThread "Cache worker for journal cache (C:\Users\MyBook Hype AMD\.gradle\caches\journal-1)"        [_thread_blocked, id=8160, stack(0x00000067c1f00000,0x00000067c2000000) (1024K)]
  0x0000020cd99e8db0 JavaThread "File lock request listener"        [_thread_in_native, id=14376, stack(0x00000067c2000000,0x00000067c2100000) (1024K)]
  0x0000020cd99e8090 JavaThread "Cache worker for file hash cache (C:\Users\MyBook Hype AMD\.gradle\caches\9.2.1\fileHashes)"        [_thread_blocked, id=2080, stack(0x00000067c2200000,0x00000067c2300000) (1024K)]
  0x0000020cda037420 JavaThread "Cache worker for file hash cache (C:\Users\MyBook Hype AMD\AndroidStudioProjects\PrakTam_2407051026\.gradle\9.2.1\fileHashes)"        [_thread_blocked, id=15124, stack(0x00000067c2300000,0x00000067c2400000) (1024K)]
  0x0000020cda036d90 JavaThread "Cache worker for Build Output Cleanup Cache (C:\Users\MyBook Hype AMD\AndroidStudioProjects\PrakTam_2407051026\.gradle\buildOutputCleanup)"        [_thread_blocked, id=10696, stack(0x00000067c2400000,0x00000067c2500000) (1024K)]
  0x0000020cda037ab0 JavaThread "File watcher server"        daemon [_thread_in_native, id=1928, stack(0x00000067c2500000,0x00000067c2600000) (1024K)]
  0x0000020cda03af30 JavaThread "File watcher consumer"      daemon [_thread_blocked, id=3204, stack(0x00000067c2600000,0x00000067c2700000) (1024K)]
  0x0000020cda0394f0 JavaThread "jar transforms"                    [_thread_blocked, id=15212, stack(0x00000067c2700000,0x00000067c2800000) (1024K)]
  0x0000020cda03b5c0 JavaThread "jar transforms Thread 2"           [_thread_blocked, id=14372, stack(0x00000067c2800000,0x00000067c2900000) (1024K)]
  0x0000020cda038140 JavaThread "jar transforms Thread 3"           [_thread_blocked, id=14728, stack(0x00000067c2900000,0x00000067c2a00000) (1024K)]
  0x0000020cda03bc50 JavaThread "jar transforms Thread 4"           [_thread_blocked, id=10768, stack(0x00000067c2a00000,0x00000067c2b00000) (1024K)]
  0x0000020cda0387d0 JavaThread "jar transforms Thread 5"           [_thread_blocked, id=10564, stack(0x00000067c2b00000,0x00000067c2c00000) (1024K)]
  0x0000020cda03c2e0 JavaThread "jar transforms Thread 6"           [_thread_blocked, id=7792, stack(0x00000067c2c00000,0x00000067c2d00000) (1024K)]
  0x0000020cda038e60 JavaThread "jar transforms Thread 7"           [_thread_blocked, id=13468, stack(0x00000067c2d00000,0x00000067c2e00000) (1024K)]
  0x0000020cda03a8a0 JavaThread "jar transforms Thread 8"           [_thread_blocked, id=7232, stack(0x00000067c2e00000,0x00000067c2f00000) (1024K)]
  0x0000020cda039b80 JavaThread "Cache worker for checksums cache (C:\Users\MyBook Hype AMD\AndroidStudioProjects\PrakTam_2407051026\.gradle\9.2.1\checksums)"        [_thread_blocked, id=1276, stack(0x00000067c2f00000,0x00000067c3000000) (1024K)]
  0x0000020cda03d690 JavaThread "Cache worker for file content cache (C:\Users\MyBook Hype AMD\.gradle\caches\9.2.1\fileContent)"        [_thread_blocked, id=12852, stack(0x00000067c3000000,0x00000067c3100000) (1024K)]
  0x0000020cda03dd20 JavaThread "Cache worker for cache directory md-supplier (C:\Users\MyBook Hype AMD\.gradle\caches\9.2.1\md-supplier)"        [_thread_blocked, id=14020, stack(0x00000067c3100000,0x00000067c3200000) (1024K)]
  0x0000020cda03c970 JavaThread "Cache worker for cache directory md-rule (C:\Users\MyBook Hype AMD\.gradle\caches\9.2.1\md-rule)"        [_thread_blocked, id=7664, stack(0x00000067c3200000,0x00000067c3300000) (1024K)]
  0x0000020cda03e3b0 JavaThread "Unconstrained build operations"        [_thread_blocked, id=11476, stack(0x00000067c3300000,0x00000067c3400000) (1024K)]
  0x0000020cdacf97c0 JavaThread "Unconstrained build operations Thread 2"        [_thread_blocked, id=7248, stack(0x00000067c3400000,0x00000067c3500000) (1024K)]
  0x0000020cdacf76f0 JavaThread "Unconstrained build operations Thread 3"        [_thread_blocked, id=10252, stack(0x00000067c3500000,0x00000067c3600000) (1024K)]
  0x0000020cdacf8aa0 JavaThread "Unconstrained build operations Thread 4"        [_thread_blocked, id=14972, stack(0x00000067c3600000,0x00000067c3700000) (1024K)]
  0x0000020cdacfd2d0 JavaThread "Unconstrained build operations Thread 5"        [_thread_blocked, id=11436, stack(0x00000067bf800000,0x00000067bf900000) (1024K)]
  0x0000020cdacf9e50 JavaThread "Unconstrained build operations Thread 6"        [_thread_blocked, id=14360, stack(0x00000067c3700000,0x00000067c3800000) (1024K)]
  0x0000020cdacfd960 JavaThread "Unconstrained build operations Thread 7"        [_thread_blocked, id=10248, stack(0x00000067c3800000,0x00000067c3900000) (1024K)]
  0x0000020cdacfa4e0 JavaThread "Unconstrained build operations Thread 8"        [_thread_blocked, id=4448, stack(0x00000067c3900000,0x00000067c3a00000) (1024K)]
  0x0000020cdacfdff0 JavaThread "Unconstrained build operations Thread 9"        [_thread_blocked, id=7208, stack(0x00000067c3a00000,0x00000067c3b00000) (1024K)]
  0x0000020cdacfe680 JavaThread "Unconstrained build operations Thread 10"        [_thread_blocked, id=13496, stack(0x00000067c3b00000,0x00000067c3c00000) (1024K)]
  0x0000020cd8e6d0e0 JavaThread "Unconstrained build operations Thread 11"        [_thread_blocked, id=1932, stack(0x00000067c3c00000,0x00000067c3d00000) (1024K)]
  0x0000020cd8e6d770 JavaThread "Unconstrained build operations Thread 12"        [_thread_blocked, id=14216, stack(0x00000067c3d00000,0x00000067c3e00000) (1024K)]
  0x0000020cd8e6de00 JavaThread "Unconstrained build operations Thread 13"        [_thread_blocked, id=14204, stack(0x00000067c3e00000,0x00000067c3f00000) (1024K)]
  0x0000020cd8e6ca50 JavaThread "Unconstrained build operations Thread 14"        [_thread_blocked, id=4216, stack(0x00000067c3f00000,0x00000067c4000000) (1024K)]
  0x0000020cd8e6e490 JavaThread "Unconstrained build operations Thread 15"        [_thread_blocked, id=8968, stack(0x00000067c4000000,0x00000067c4100000) (1024K)]
  0x0000020cd8e6eb20 JavaThread "Unconstrained build operations Thread 16"        [_thread_blocked, id=7888, stack(0x00000067c4100000,0x00000067c4200000) (1024K)]
  0x0000020cd8e6f1b0 JavaThread "Unconstrained build operations Thread 17"        [_thread_blocked, id=14320, stack(0x00000067c4200000,0x00000067c4300000) (1024K)]
  0x0000020cd8e6bd30 JavaThread "Unconstrained build operations Thread 18"        [_thread_blocked, id=1780, stack(0x00000067c4300000,0x00000067c4400000) (1024K)]
  0x0000020cd8e73350 JavaThread "Unconstrained build operations Thread 19"        [_thread_blocked, id=15896, stack(0x00000067c4400000,0x00000067c4500000) (1024K)]
  0x0000020cd8e70bf0 JavaThread "Unconstrained build operations Thread 20"        [_thread_blocked, id=15904, stack(0x00000067c4500000,0x00000067c4600000) (1024K)]
  0x0000020cd8e71fa0 JavaThread "Unconstrained build operations Thread 21"        [_thread_blocked, id=15912, stack(0x00000067c4600000,0x00000067c4700000) (1024K)]
Total: 61

Other Threads:
  0x0000020cd278e290 VMThread "VM Thread"                           [id=14516, stack(0x00000067c0200000,0x00000067c0300000) (1024K)] _threads_hazard_ptr=0x0000020cdb5c26d0
  0x0000020cd2731960 WatcherThread "VM Periodic Task Thread"        [id=12920, stack(0x00000067c0100000,0x00000067c0200000) (1024K)]
  0x0000020cbb102a30 WorkerThread "GC Thread#0"                     [id=12688, stack(0x00000067bfc00000,0x00000067bfd00000) (1024K)]
  0x0000020cd72fc810 WorkerThread "GC Thread#1"                     [id=11724, stack(0x00000067c0e00000,0x00000067c0f00000) (1024K)]
  0x0000020cd714ea70 WorkerThread "GC Thread#2"                     [id=9732, stack(0x00000067c0f00000,0x00000067c1000000) (1024K)]
  0x0000020cd7d6bf80 WorkerThread "GC Thread#3"                     [id=12912, stack(0x00000067c0d00000,0x00000067c0e00000) (1024K)]
  0x0000020cd7e86190 WorkerThread "GC Thread#4"                     [id=11528, stack(0x00000067c1000000,0x00000067c1100000) (1024K)]
  0x0000020cd96cc260 WorkerThread "GC Thread#5"                     [id=9908, stack(0x00000067c1200000,0x00000067c1300000) (1024K)]
  0x0000020cd9b56d80 WorkerThread "GC Thread#6"                     [id=9536, stack(0x00000067c1800000,0x00000067c1900000) (1024K)]
  0x0000020cd9a40d40 WorkerThread "GC Thread#7"                     [id=8412, stack(0x00000067c1900000,0x00000067c1a00000) (1024K)]
  0x0000020cbb113920 ConcurrentGCThread "G1 Main Marker"            [id=1336, stack(0x00000067bfd00000,0x00000067bfe00000) (1024K)]
  0x0000020cbb114530 WorkerThread "G1 Conc#0"                       [id=7112, stack(0x00000067bfe00000,0x00000067bff00000) (1024K)]
  0x0000020cd98e1b20 WorkerThread "G1 Conc#1"                       [id=5360, stack(0x00000067c1a00000,0x00000067c1b00000) (1024K)]
  0x0000020cd2601a80 ConcurrentGCThread "G1 Refine#0"               [id=5692, stack(0x00000067bff00000,0x00000067c0000000) (1024K)]
  0x0000020cd2603e20 ConcurrentGCThread "G1 Service"                [id=14624, stack(0x00000067c0000000,0x00000067c0100000) (1024K)]
Total: 15

Threads with active compile tasks:
Total: 0

VM state: synchronizing (normal execution)

VM Mutex/Monitor currently owned by a thread:  ([mutex/lock_event])
[0x00007ff95bb66490] Metaspace_lock - owner thread: 0x0000020cd99e9ad0
[0x00007ff95bb68690] Threads_lock - owner thread: 0x0000020cd278e290

Heap address: 0x0000000080000000, size: 2048 MB, Compressed Oops mode: 32-bit

CDS archive(s) not mapped
Compressed class space mapped at: 0x0000000100000000-0x0000000140000000, reserved size: 1073741824
Narrow klass base: 0x0000000000000000, Narrow klass shift: 3, Narrow klass range: 0x140000000

GC Precious Log:
 CardTable entry size: 512
 Card Set container configuration: InlinePtr #cards 5 size 8 Array Of Cards #cards 12 size 40 Howl #buckets 4 coarsen threshold 1843 Howl Bitmap #cards 512 size 80 coarsen threshold 460 Card regions per heap region 1 cards per card region 2048
 CPUs: 8 total, 8 available
 Memory: 7115M
 Large Page Support: Disabled
 NUMA Support: Disabled
 Compressed Oops: Enabled (32-bit)
 Heap Region Size: 1M
 Heap Min Capacity: 8M
 Heap Initial Capacity: 112M
 Heap Max Capacity: 2G
 Pre-touch: Disabled
 Parallel Workers: 8
 Concurrent Workers: 2
 Concurrent Refinement Workers: 8
 Periodic GC: Disabled

Heap:
 garbage-first heap   total 175104K, used 126987K [0x0000000080000000, 0x0000000100000000)
  region size 1024K, 44 young (45056K), 8 survivors (8192K)
 Metaspace       used 81944K, committed 83648K, reserved 1179648K
  class space    used 11456K, committed 12288K, reserved 1048576K

Heap Regions: E=young(eden), S=young(survivor), O=old, HS=humongous(starts), HC=humongous(continues), CS=collection set, F=free, TAMS=top-at-mark-start, PB=parsable bottom
|   0|0x0000000080000000, 0x0000000080100000, 0x0000000080100000|100%|HS|  |TAMS 0x0000000080000000| PB 0x0000000080000000| Complete 
|   1|0x0000000080100000, 0x0000000080200000, 0x0000000080200000|100%|HC|  |TAMS 0x0000000080100000| PB 0x0000000080100000| Complete 
|   2|0x0000000080200000, 0x0000000080300000, 0x0000000080300000|100%|HC|  |TAMS 0x0000000080200000| PB 0x0000000080200000| Complete 
|   3|0x0000000080300000, 0x0000000080400000, 0x0000000080400000|100%|HC|  |TAMS 0x0000000080300000| PB 0x0000000080300000| Complete 
|   4|0x0000000080400000, 0x0000000080500000, 0x0000000080500000|100%| O|  |TAMS 0x0000000080400000| PB 0x0000000080400000| Untracked 
|   5|0x0000000080500000, 0x0000000080600000, 0x0000000080600000|100%| O|  |TAMS 0x0000000080500000| PB 0x0000000080500000| Untracked 
|   6|0x0000000080600000, 0x0000000080700000, 0x0000000080700000|100%| O|  |TAMS 0x0000000080600000| PB 0x0000000080600000| Untracked 
|   7|0x0000000080700000, 0x0000000080800000, 0x0000000080800000|100%|HS|  |TAMS 0x0000000080700000| PB 0x0000000080700000| Complete 
|   8|0x0000000080800000, 0x00000000808d2b80, 0x0000000080900000| 82%| O|  |TAMS 0x0000000080800000| PB 0x0000000080800000| Untracked 
|   9|0x0000000080900000, 0x000000008091fa98, 0x0000000080a00000| 12%| O|  |TAMS 0x0000000080900000| PB 0x0000000080900000| Untracked 
|  10|0x0000000080a00000, 0x0000000080b00000, 0x0000000080b00000|100%| O|  |TAMS 0x0000000080a00000| PB 0x0000000080a00000| Untracked 
|  11|0x0000000080b00000, 0x0000000080c00000, 0x0000000080c00000|100%| O|  |TAMS 0x0000000080b00000| PB 0x0000000080b00000| Untracked 
|  12|0x0000000080c00000, 0x0000000080d00000, 0x0000000080d00000|100%| O|  |TAMS 0x0000000080c00000| PB 0x0000000080c00000| Untracked 
|  13|0x0000000080d00000, 0x0000000080e00000, 0x0000000080e00000|100%| O|  |TAMS 0x0000000080d00000| PB 0x0000000080d00000| Untracked 
|  14|0x0000000080e00000, 0x0000000080f00000, 0x0000000080f00000|100%| O|  |TAMS 0x0000000080e00000| PB 0x0000000080e00000| Untracked 
|  15|0x0000000080f00000, 0x0000000081000000, 0x0000000081000000|100%| O|  |TAMS 0x0000000080f00000| PB 0x0000000080f00000| Untracked 
|  16|0x0000000081000000, 0x0000000081100000, 0x0000000081100000|100%| O|  |TAMS 0x0000000081000000| PB 0x0000000081000000| Untracked 
|  17|0x0000000081100000, 0x0000000081200000, 0x0000000081200000|100%| O|  |TAMS 0x0000000081100000| PB 0x0000000081100000| Untracked 
|  18|0x0000000081200000, 0x0000000081300000, 0x0000000081300000|100%| O|  |TAMS 0x0000000081200000| PB 0x0000000081200000| Untracked 
|  19|0x0000000081300000, 0x0000000081400000, 0x0000000081400000|100%| O|  |TAMS 0x0000000081300000| PB 0x0000000081300000| Untracked 
|  20|0x0000000081400000, 0x0000000081500000, 0x0000000081500000|100%| O|  |TAMS 0x0000000081400000| PB 0x0000000081400000| Untracked 
|  21|0x0000000081500000, 0x0000000081600000, 0x0000000081600000|100%| O|  |TAMS 0x0000000081500000| PB 0x0000000081500000| Untracked 
|  22|0x0000000081600000, 0x0000000081700000, 0x0000000081700000|100%|HS|  |TAMS 0x0000000081600000| PB 0x0000000081600000| Complete 
|  23|0x0000000081700000, 0x0000000081800000, 0x0000000081800000|100%| O|  |TAMS 0x0000000081700000| PB 0x0000000081700000| Untracked 
|  24|0x0000000081800000, 0x0000000081900000, 0x0000000081900000|100%|HS|  |TAMS 0x0000000081800000| PB 0x0000000081800000| Complete 
|  25|0x0000000081900000, 0x0000000081a00000, 0x0000000081a00000|100%|HC|  |TAMS 0x0000000081900000| PB 0x0000000081900000| Complete 
|  26|0x0000000081a00000, 0x0000000081b00000, 0x0000000081b00000|100%|HC|  |TAMS 0x0000000081a00000| PB 0x0000000081a00000| Complete 
|  27|0x0000000081b00000, 0x0000000081c00000, 0x0000000081c00000|100%|HC|  |TAMS 0x0000000081b00000| PB 0x0000000081b00000| Complete 
|  28|0x0000000081c00000, 0x0000000081d00000, 0x0000000081d00000|100%|HC|  |TAMS 0x0000000081c00000| PB 0x0000000081c00000| Complete 
|  29|0x0000000081d00000, 0x0000000081e00000, 0x0000000081e00000|100%|HC|  |TAMS 0x0000000081d00000| PB 0x0000000081d00000| Complete 
|  30|0x0000000081e00000, 0x0000000081f00000, 0x0000000081f00000|100%|HS|  |TAMS 0x0000000081e00000| PB 0x0000000081e00000| Complete 
|  31|0x0000000081f00000, 0x0000000082000000, 0x0000000082000000|100%|HC|  |TAMS 0x0000000081f00000| PB 0x0000000081f00000| Complete 
|  32|0x0000000082000000, 0x0000000082100000, 0x0000000082100000|100%|HS|  |TAMS 0x0000000082000000| PB 0x0000000082000000| Complete 
|  33|0x0000000082100000, 0x0000000082200000, 0x0000000082200000|100%| O|  |TAMS 0x0000000082100000| PB 0x0000000082100000| Untracked 
|  34|0x0000000082200000, 0x0000000082300000, 0x0000000082300000|100%| O|  |TAMS 0x0000000082200000| PB 0x0000000082200000| Untracked 
|  35|0x0000000082300000, 0x0000000082400000, 0x0000000082400000|100%| O|  |TAMS 0x0000000082300000| PB 0x0000000082300000| Untracked 
|  36|0x0000000082400000, 0x0000000082500000, 0x0000000082500000|100%| O|  |TAMS 0x0000000082400000| PB 0x0000000082400000| Untracked 
|  37|0x0000000082500000, 0x0000000082600000, 0x0000000082600000|100%| O|  |TAMS 0x0000000082500000| PB 0x0000000082500000| Untracked 
|  38|0x0000000082600000, 0x0000000082700000, 0x0000000082700000|100%| O|  |TAMS 0x0000000082600000| PB 0x0000000082600000| Untracked 
|  39|0x0000000082700000, 0x0000000082800000, 0x0000000082800000|100%| O|  |TAMS 0x0000000082700000| PB 0x0000000082700000| Untracked 
|  40|0x0000000082800000, 0x0000000082900000, 0x0000000082900000|100%| O|  |TAMS 0x0000000082800000| PB 0x0000000082800000| Untracked 
|  41|0x0000000082900000, 0x0000000082a00000, 0x0000000082a00000|100%| O|  |TAMS 0x0000000082900000| PB 0x0000000082900000| Untracked 
|  42|0x0000000082a00000, 0x0000000082b00000, 0x0000000082b00000|100%| O|  |TAMS 0x0000000082a00000| PB 0x0000000082a00000| Untracked 
|  43|0x0000000082b00000, 0x0000000082c00000, 0x0000000082c00000|100%| O|  |TAMS 0x0000000082b00000| PB 0x0000000082b00000| Untracked 
|  44|0x0000000082c00000, 0x0000000082d00000, 0x0000000082d00000|100%| O|  |TAMS 0x0000000082c00000| PB 0x0000000082c00000| Untracked 
|  45|0x0000000082d00000, 0x0000000082e00000, 0x0000000082e00000|100%| O|  |TAMS 0x0000000082d00000| PB 0x0000000082d00000| Untracked 
|  46|0x0000000082e00000, 0x0000000082f00000, 0x0000000082f00000|100%| O|  |TAMS 0x0000000082e00000| PB 0x0000000082e00000| Untracked 
|  47|0x0000000082f00000, 0x0000000083000000, 0x0000000083000000|100%| O|  |TAMS 0x0000000082f00000| PB 0x0000000082f00000| Untracked 
|  48|0x0000000083000000, 0x0000000083100000, 0x0000000083100000|100%| O|  |TAMS 0x0000000083000000| PB 0x0000000083000000| Untracked 
|  49|0x0000000083100000, 0x0000000083200000, 0x0000000083200000|100%| O|  |TAMS 0x0000000083100000| PB 0x0000000083100000| Untracked 
|  50|0x0000000083200000, 0x0000000083300000, 0x0000000083300000|100%| O|  |TAMS 0x0000000083200000| PB 0x0000000083200000| Untracked 
|  51|0x0000000083300000, 0x0000000083400000, 0x0000000083400000|100%| O|  |TAMS 0x0000000083300000| PB 0x0000000083300000| Untracked 
|  52|0x0000000083400000, 0x0000000083500000, 0x0000000083500000|100%| O|  |TAMS 0x0000000083400000| PB 0x0000000083400000| Untracked 
|  53|0x0000000083500000, 0x0000000083600000, 0x0000000083600000|100%| O|  |TAMS 0x0000000083500000| PB 0x0000000083500000| Untracked 
|  54|0x0000000083600000, 0x0000000083700000, 0x0000000083700000|100%| O|  |TAMS 0x0000000083600000| PB 0x0000000083600000| Untracked 
|  55|0x0000000083700000, 0x0000000083800000, 0x0000000083800000|100%| O|  |TAMS 0x0000000083700000| PB 0x0000000083700000| Untracked 
|  56|0x0000000083800000, 0x0000000083900000, 0x0000000083900000|100%| O|  |TAMS 0x0000000083800000| PB 0x0000000083800000| Untracked 
|  57|0x0000000083900000, 0x0000000083a00000, 0x0000000083a00000|100%|HS|  |TAMS 0x0000000083900000| PB 0x0000000083900000| Complete 
|  58|0x0000000083a00000, 0x0000000083b00000, 0x0000000083b00000|100%|HC|  |TAMS 0x0000000083a00000| PB 0x0000000083a00000| Complete 
|  59|0x0000000083b00000, 0x0000000083c00000, 0x0000000083c00000|100%| O|  |TAMS 0x0000000083b00000| PB 0x0000000083b00000| Untracked 
|  60|0x0000000083c00000, 0x0000000083d00000, 0x0000000083d00000|100%| O|  |TAMS 0x0000000083c00000| PB 0x0000000083c00000| Untracked 
|  61|0x0000000083d00000, 0x0000000083e00000, 0x0000000083e00000|100%| O|  |TAMS 0x0000000083d00000| PB 0x0000000083d00000| Untracked 
|  62|0x0000000083e00000, 0x0000000083e00000, 0x0000000083f00000|  0%| F|  |TAMS 0x0000000083e00000| PB 0x0000000083e00000| Untracked 
|  63|0x0000000083f00000, 0x0000000084000000, 0x0000000084000000|100%| O|  |TAMS 0x0000000083f00000| PB 0x0000000083f00000| Untracked 
|  64|0x0000000084000000, 0x0000000084100000, 0x0000000084100000|100%|HS|  |TAMS 0x0000000084000000| PB 0x0000000084000000| Complete 
|  65|0x0000000084100000, 0x0000000084200000, 0x0000000084200000|100%|HC|  |TAMS 0x0000000084100000| PB 0x0000000084100000| Complete 
|  66|0x0000000084200000, 0x0000000084300000, 0x0000000084300000|100%|HC|  |TAMS 0x0000000084200000| PB 0x0000000084200000| Complete 
|  67|0x0000000084300000, 0x0000000084400000, 0x0000000084400000|100%|HC|  |TAMS 0x0000000084300000| PB 0x0000000084300000| Complete 
|  68|0x0000000084400000, 0x0000000084500000, 0x0000000084500000|100%|HC|  |TAMS 0x0000000084400000| PB 0x0000000084400000| Complete 
|  69|0x0000000084500000, 0x0000000084600000, 0x0000000084600000|100%|HC|  |TAMS 0x0000000084500000| PB 0x0000000084500000| Complete 
|  70|0x0000000084600000, 0x0000000084700000, 0x0000000084700000|100%|HS|  |TAMS 0x0000000084600000| PB 0x0000000084600000| Complete 
|  71|0x0000000084700000, 0x0000000084800000, 0x0000000084800000|100%|HC|  |TAMS 0x0000000084700000| PB 0x0000000084700000| Complete 
|  72|0x0000000084800000, 0x0000000084900000, 0x0000000084900000|100%| O|  |TAMS 0x0000000084800000| PB 0x0000000084800000| Untracked 
|  73|0x0000000084900000, 0x0000000084900000, 0x0000000084a00000|  0%| F|  |TAMS 0x0000000084900000| PB 0x0000000084900000| Untracked 
|  74|0x0000000084a00000, 0x0000000084b00000, 0x0000000084b00000|100%| O|  |TAMS 0x0000000084a00000| PB 0x0000000084a00000| Untracked 
|  75|0x0000000084b00000, 0x0000000084c00000, 0x0000000084c00000|100%| O|  |TAMS 0x0000000084b00000| PB 0x0000000084b00000| Untracked 
|  76|0x0000000084c00000, 0x0000000084d00000, 0x0000000084d00000|100%| O|  |TAMS 0x0000000084c00000| PB 0x0000000084c00000| Untracked 
|  77|0x0000000084d00000, 0x0000000084d00000, 0x0000000084e00000|  0%| F|  |TAMS 0x0000000084d00000| PB 0x0000000084d00000| Untracked 
|  78|0x0000000084e00000, 0x0000000084e00000, 0x0000000084f00000|  0%| F|  |TAMS 0x0000000084e00000| PB 0x0000000084e00000| Untracked 
|  79|0x0000000084f00000, 0x0000000085000000, 0x0000000085000000|100%| O|  |TAMS 0x0000000084f00000| PB 0x0000000084f00000| Untracked 
|  80|0x0000000085000000, 0x0000000085100000, 0x0000000085100000|100%| O|  |TAMS 0x0000000085000000| PB 0x0000000085000000| Untracked 
|  81|0x0000000085100000, 0x0000000085200000, 0x0000000085200000|100%| O|  |TAMS 0x0000000085100000| PB 0x0000000085100000| Untracked 
|  82|0x0000000085200000, 0x0000000085200000, 0x0000000085300000|  0%| F|  |TAMS 0x0000000085200000| PB 0x0000000085200000| Untracked 
|  83|0x0000000085300000, 0x0000000085300000, 0x0000000085400000|  0%| F|  |TAMS 0x0000000085300000| PB 0x0000000085300000| Untracked 
|  84|0x0000000085400000, 0x0000000085410630, 0x0000000085500000|  6%| S|CS|TAMS 0x0000000085400000| PB 0x0000000085400000| Complete 
|  85|0x0000000085500000, 0x0000000085600000, 0x0000000085600000|100%| S|CS|TAMS 0x0000000085500000| PB 0x0000000085500000| Complete 
|  86|0x0000000085600000, 0x0000000085600000, 0x0000000085700000|  0%| F|  |TAMS 0x0000000085600000| PB 0x0000000085600000| Untracked 
|  87|0x0000000085700000, 0x0000000085700000, 0x0000000085800000|  0%| F|  |TAMS 0x0000000085700000| PB 0x0000000085700000| Untracked 
|  88|0x0000000085800000, 0x0000000085800000, 0x0000000085900000|  0%| F|  |TAMS 0x0000000085800000| PB 0x0000000085800000| Untracked 
|  89|0x0000000085900000, 0x0000000085900000, 0x0000000085a00000|  0%| F|  |TAMS 0x0000000085900000| PB 0x0000000085900000| Untracked 
|  90|0x0000000085a00000, 0x0000000085b00000, 0x0000000085b00000|100%| S|CS|TAMS 0x0000000085a00000| PB 0x0000000085a00000| Complete 
|  91|0x0000000085b00000, 0x0000000085c00000, 0x0000000085c00000|100%| S|CS|TAMS 0x0000000085b00000| PB 0x0000000085b00000| Complete 
|  92|0x0000000085c00000, 0x0000000085d00000, 0x0000000085d00000|100%| S|CS|TAMS 0x0000000085c00000| PB 0x0000000085c00000| Complete 
|  93|0x0000000085d00000, 0x0000000085e00000, 0x0000000085e00000|100%| S|CS|TAMS 0x0000000085d00000| PB 0x0000000085d00000| Complete 
|  94|0x0000000085e00000, 0x0000000085f00000, 0x0000000085f00000|100%| S|CS|TAMS 0x0000000085e00000| PB 0x0000000085e00000| Complete 
|  95|0x0000000085f00000, 0x0000000086000000, 0x0000000086000000|100%| S|CS|TAMS 0x0000000085f00000| PB 0x0000000085f00000| Complete 
|  96|0x0000000086000000, 0x0000000086000000, 0x0000000086100000|  0%| F|  |TAMS 0x0000000086000000| PB 0x0000000086000000| Untracked 
|  97|0x0000000086100000, 0x0000000086100000, 0x0000000086200000|  0%| F|  |TAMS 0x0000000086100000| PB 0x0000000086100000| Untracked 
|  98|0x0000000086200000, 0x0000000086200000, 0x0000000086300000|  0%| F|  |TAMS 0x0000000086200000| PB 0x0000000086200000| Untracked 
|  99|0x0000000086300000, 0x0000000086300000, 0x0000000086400000|  0%| F|  |TAMS 0x0000000086300000| PB 0x0000000086300000| Untracked 
| 100|0x0000000086400000, 0x0000000086400000, 0x0000000086500000|  0%| F|  |TAMS 0x0000000086400000| PB 0x0000000086400000| Untracked 
| 101|0x0000000086500000, 0x0000000086500000, 0x0000000086600000|  0%| F|  |TAMS 0x0000000086500000| PB 0x0000000086500000| Untracked 
| 102|0x0000000086600000, 0x0000000086600000, 0x0000000086700000|  0%| F|  |TAMS 0x0000000086600000| PB 0x0000000086600000| Untracked 
| 103|0x0000000086700000, 0x0000000086700000, 0x0000000086800000|  0%| F|  |TAMS 0x0000000086700000| PB 0x0000000086700000| Untracked 
| 104|0x0000000086800000, 0x0000000086800000, 0x0000000086900000|  0%| F|  |TAMS 0x0000000086800000| PB 0x0000000086800000| Untracked 
| 105|0x0000000086900000, 0x0000000086900000, 0x0000000086a00000|  0%| F|  |TAMS 0x0000000086900000| PB 0x0000000086900000| Untracked 
| 106|0x0000000086a00000, 0x0000000086a00000, 0x0000000086b00000|  0%| F|  |TAMS 0x0000000086a00000| PB 0x0000000086a00000| Untracked 
| 107|0x0000000086b00000, 0x0000000086b00000, 0x0000000086c00000|  0%| F|  |TAMS 0x0000000086b00000| PB 0x0000000086b00000| Untracked 
| 108|0x0000000086c00000, 0x0000000086c00000, 0x0000000086d00000|  0%| F|  |TAMS 0x0000000086c00000| PB 0x0000000086c00000| Untracked 
| 109|0x0000000086d00000, 0x0000000086d00000, 0x0000000086e00000|  0%| F|  |TAMS 0x0000000086d00000| PB 0x0000000086d00000| Untracked 
| 110|0x0000000086e00000, 0x0000000086e00000, 0x0000000086f00000|  0%| F|  |TAMS 0x0000000086e00000| PB 0x0000000086e00000| Untracked 
| 111|0x0000000086f00000, 0x0000000086f00000, 0x0000000087000000|  0%| F|  |TAMS 0x0000000086f00000| PB 0x0000000086f00000| Untracked 
| 112|0x0000000087000000, 0x0000000087000000, 0x0000000087100000|  0%| F|  |TAMS 0x0000000087000000| PB 0x0000000087000000| Untracked 
| 113|0x0000000087100000, 0x0000000087100000, 0x0000000087200000|  0%| F|  |TAMS 0x0000000087100000| PB 0x0000000087100000| Untracked 
| 114|0x0000000087200000, 0x0000000087200000, 0x0000000087300000|  0%| F|  |TAMS 0x0000000087200000| PB 0x0000000087200000| Untracked 
| 115|0x0000000087300000, 0x0000000087300000, 0x0000000087400000|  0%| F|  |TAMS 0x0000000087300000| PB 0x0000000087300000| Untracked 
| 116|0x0000000087400000, 0x0000000087400000, 0x0000000087500000|  0%| F|  |TAMS 0x0000000087400000| PB 0x0000000087400000| Untracked 
| 117|0x0000000087500000, 0x0000000087500000, 0x0000000087600000|  0%| F|  |TAMS 0x0000000087500000| PB 0x0000000087500000| Untracked 
| 118|0x0000000087600000, 0x0000000087600000, 0x0000000087700000|  0%| F|  |TAMS 0x0000000087600000| PB 0x0000000087600000| Untracked 
| 119|0x0000000087700000, 0x0000000087700000, 0x0000000087800000|  0%| F|  |TAMS 0x0000000087700000| PB 0x0000000087700000| Untracked 
| 120|0x0000000087800000, 0x0000000087800000, 0x0000000087900000|  0%| F|  |TAMS 0x0000000087800000| PB 0x0000000087800000| Untracked 
| 121|0x0000000087900000, 0x0000000087900000, 0x0000000087a00000|  0%| F|  |TAMS 0x0000000087900000| PB 0x0000000087900000| Untracked 
| 122|0x0000000087a00000, 0x0000000087a00000, 0x0000000087b00000|  0%| F|  |TAMS 0x0000000087a00000| PB 0x0000000087a00000| Untracked 
| 123|0x0000000087b00000, 0x0000000087b00000, 0x0000000087c00000|  0%| F|  |TAMS 0x0000000087b00000| PB 0x0000000087b00000| Untracked 
| 124|0x0000000087c00000, 0x0000000087c00000, 0x0000000087d00000|  0%| F|  |TAMS 0x0000000087c00000| PB 0x0000000087c00000| Untracked 
| 125|0x0000000087d00000, 0x0000000087d00000, 0x0000000087e00000|  0%| F|  |TAMS 0x0000000087d00000| PB 0x0000000087d00000| Untracked 
| 126|0x0000000087e00000, 0x0000000087e00000, 0x0000000087f00000|  0%| F|  |TAMS 0x0000000087e00000| PB 0x0000000087e00000| Untracked 
| 127|0x0000000087f00000, 0x0000000087f00000, 0x0000000088000000|  0%| F|  |TAMS 0x0000000087f00000| PB 0x0000000087f00000| Untracked 
| 128|0x0000000088000000, 0x0000000088000000, 0x0000000088100000|  0%| F|  |TAMS 0x0000000088000000| PB 0x0000000088000000| Untracked 
| 129|0x0000000088100000, 0x0000000088100000, 0x0000000088200000|  0%| F|  |TAMS 0x0000000088100000| PB 0x0000000088100000| Untracked 
| 130|0x0000000088200000, 0x0000000088300000, 0x0000000088300000|100%| E|  |TAMS 0x0000000088200000| PB 0x0000000088200000| Complete 
| 131|0x0000000088300000, 0x0000000088400000, 0x0000000088400000|100%| E|CS|TAMS 0x0000000088300000| PB 0x0000000088300000| Complete 
| 132|0x0000000088400000, 0x0000000088500000, 0x0000000088500000|100%| E|CS|TAMS 0x0000000088400000| PB 0x0000000088400000| Complete 
| 133|0x0000000088500000, 0x0000000088600000, 0x0000000088600000|100%| E|CS|TAMS 0x0000000088500000| PB 0x0000000088500000| Complete 
| 134|0x0000000088600000, 0x0000000088700000, 0x0000000088700000|100%| E|CS|TAMS 0x0000000088600000| PB 0x0000000088600000| Complete 
| 135|0x0000000088700000, 0x0000000088800000, 0x0000000088800000|100%| E|CS|TAMS 0x0000000088700000| PB 0x0000000088700000| Complete 
| 136|0x0000000088800000, 0x0000000088900000, 0x0000000088900000|100%| E|CS|TAMS 0x0000000088800000| PB 0x0000000088800000| Complete 
| 137|0x0000000088900000, 0x0000000088a00000, 0x0000000088a00000|100%| E|CS|TAMS 0x0000000088900000| PB 0x0000000088900000| Complete 
| 138|0x0000000088a00000, 0x0000000088b00000, 0x0000000088b00000|100%| E|CS|TAMS 0x0000000088a00000| PB 0x0000000088a00000| Complete 
| 139|0x0000000088b00000, 0x0000000088c00000, 0x0000000088c00000|100%| E|CS|TAMS 0x0000000088b00000| PB 0x0000000088b00000| Complete 
| 140|0x0000000088c00000, 0x0000000088d00000, 0x0000000088d00000|100%| E|CS|TAMS 0x0000000088c00000| PB 0x0000000088c00000| Complete 
| 141|0x0000000088d00000, 0x0000000088e00000, 0x0000000088e00000|100%| E|CS|TAMS 0x0000000088d00000| PB 0x0000000088d00000| Complete 
| 142|0x0000000088e00000, 0x0000000088f00000, 0x0000000088f00000|100%| E|CS|TAMS 0x0000000088e00000| PB 0x0000000088e00000| Complete 
| 143|0x0000000088f00000, 0x0000000089000000, 0x0000000089000000|100%| E|CS|TAMS 0x0000000088f00000| PB 0x0000000088f00000| Complete 
| 144|0x0000000089000000, 0x0000000089100000, 0x0000000089100000|100%| E|CS|TAMS 0x0000000089000000| PB 0x0000000089000000| Complete 
| 145|0x0000000089100000, 0x0000000089200000, 0x0000000089200000|100%| E|CS|TAMS 0x0000000089100000| PB 0x0000000089100000| Complete 
| 146|0x0000000089200000, 0x0000000089300000, 0x0000000089300000|100%| E|CS|TAMS 0x0000000089200000| PB 0x0000000089200000| Complete 
| 147|0x0000000089300000, 0x0000000089400000, 0x0000000089400000|100%| E|CS|TAMS 0x0000000089300000| PB 0x0000000089300000| Complete 
| 148|0x0000000089400000, 0x0000000089500000, 0x0000000089500000|100%| E|CS|TAMS 0x0000000089400000| PB 0x0000000089400000| Complete 
| 149|0x0000000089500000, 0x0000000089600000, 0x0000000089600000|100%| E|CS|TAMS 0x0000000089500000| PB 0x0000000089500000| Complete 
| 150|0x0000000089600000, 0x0000000089700000, 0x0000000089700000|100%| E|CS|TAMS 0x0000000089600000| PB 0x0000000089600000| Complete 
| 151|0x0000000089700000, 0x0000000089800000, 0x0000000089800000|100%| E|CS|TAMS 0x0000000089700000| PB 0x0000000089700000| Complete 
| 152|0x0000000089800000, 0x0000000089900000, 0x0000000089900000|100%| E|CS|TAMS 0x0000000089800000| PB 0x0000000089800000| Complete 
| 153|0x0000000089900000, 0x0000000089a00000, 0x0000000089a00000|100%| E|CS|TAMS 0x0000000089900000| PB 0x0000000089900000| Complete 
| 154|0x0000000089a00000, 0x0000000089b00000, 0x0000000089b00000|100%| E|CS|TAMS 0x0000000089a00000| PB 0x0000000089a00000| Complete 
| 155|0x0000000089b00000, 0x0000000089c00000, 0x0000000089c00000|100%| E|CS|TAMS 0x0000000089b00000| PB 0x0000000089b00000| Complete 
| 156|0x0000000089c00000, 0x0000000089d00000, 0x0000000089d00000|100%| E|CS|TAMS 0x0000000089c00000| PB 0x0000000089c00000| Complete 
| 157|0x0000000089d00000, 0x0000000089e00000, 0x0000000089e00000|100%| E|CS|TAMS 0x0000000089d00000| PB 0x0000000089d00000| Complete 
| 158|0x0000000089e00000, 0x0000000089f00000, 0x0000000089f00000|100%| E|CS|TAMS 0x0000000089e00000| PB 0x0000000089e00000| Complete 
| 159|0x0000000089f00000, 0x000000008a000000, 0x000000008a000000|100%| E|CS|TAMS 0x0000000089f00000| PB 0x0000000089f00000| Complete 
| 160|0x000000008a000000, 0x000000008a100000, 0x000000008a100000|100%| E|CS|TAMS 0x000000008a000000| PB 0x000000008a000000| Complete 
| 161|0x000000008a100000, 0x000000008a200000, 0x000000008a200000|100%| E|CS|TAMS 0x000000008a100000| PB 0x000000008a100000| Complete 
| 162|0x000000008a200000, 0x000000008a300000, 0x000000008a300000|100%| E|CS|TAMS 0x000000008a200000| PB 0x000000008a200000| Complete 
| 163|0x000000008a300000, 0x000000008a400000, 0x000000008a400000|100%| E|CS|TAMS 0x000000008a300000| PB 0x000000008a300000| Complete 
| 164|0x000000008a400000, 0x000000008a500000, 0x000000008a500000|100%| E|CS|TAMS 0x000000008a400000| PB 0x000000008a400000| Complete 
|2042|0x00000000ffa00000, 0x00000000ffb00000, 0x00000000ffb00000|100%| O|  |TAMS 0x00000000ffa00000| PB 0x00000000ffa00000| Untracked 
|2043|0x00000000ffb00000, 0x00000000ffc00000, 0x00000000ffc00000|100%| O|  |TAMS 0x00000000ffb00000| PB 0x00000000ffb00000| Untracked 
|2044|0x00000000ffc00000, 0x00000000ffd00000, 0x00000000ffd00000|100%| E|CS|TAMS 0x00000000ffc00000| PB 0x00000000ffc00000| Complete 
|2045|0x00000000ffd00000, 0x00000000ffe00000, 0x00000000ffe00000|100%| O|  |TAMS 0x00000000ffd00000| PB 0x00000000ffd00000| Untracked 
|2046|0x00000000ffe00000, 0x00000000fff00000, 0x00000000fff00000|100%| O|  |TAMS 0x00000000ffe00000| PB 0x00000000ffe00000| Untracked 
|2047|0x00000000fff00000, 0x0000000100000000, 0x0000000100000000|100%| O|  |TAMS 0x00000000fff00000| PB 0x00000000fff00000| Untracked 

Card table byte_map: [0x0000020ccd910000,0x0000020ccdd10000] _byte_map_base: 0x0000020ccd510000

Marking Bits: (CMBitMap*) 0x0000020cbb103040
 Bits: [0x0000020ccdd10000, 0x0000020ccfd10000)

Polling page: 0x0000020cb8eb0000

Metaspace:

Usage:
  Non-class:     68.84 MB used.
      Class:     11.19 MB used.
       Both:     80.02 MB used.

Virtual space:
  Non-class space:      128.00 MB reserved,      69.69 MB ( 54%) committed,  2 nodes.
      Class space:        1.00 GB reserved,      12.00 MB (  1%) committed,  1 nodes.
             Both:        1.12 GB reserved,      81.69 MB (  7%) committed. 

Chunk freelists:
   Non-Class:  10.30 MB
       Class:  3.97 MB
        Both:  14.27 MB

MaxMetaspaceSize: unlimited
CompressedClassSpaceSize: 1.00 GB
Initial GC threshold: 21.00 MB
Current GC threshold: 111.56 MB
CDS: off
 - commit_granule_bytes: 65536.
 - commit_granule_words: 8192.
 - virtual_space_node_default_size: 8388608.
 - enlarge_chunks_in_place: 1.
 - use_allocation_guard: 0.


Internal statistics:

num_allocs_failed_limit: 6.
num_arena_births: 3306.
num_arena_deaths: 6.
num_vsnodes_births: 3.
num_vsnodes_deaths: 0.
num_space_committed: 1307.
num_space_uncommitted: 0.
num_chunks_returned_to_freelist: 17.
num_chunks_taken_from_freelist: 6506.
num_chunk_merges: 3.
num_chunk_splits: 4265.
num_chunks_enlarged: 2682.
num_inconsistent_stats: 0.

CodeHeap 'non-profiled nmethods': size=120000Kb used=5886Kb max_used=5886Kb free=114114Kb
 bounds [0x0000020cc5cb0000, 0x0000020cc6270000, 0x0000020ccd1e0000]
CodeHeap 'profiled nmethods': size=120000Kb used=15142Kb max_used=15142Kb free=104857Kb
 bounds [0x0000020cbe1e0000, 0x0000020cbf0b0000, 0x0000020cc5710000]
CodeHeap 'non-nmethods': size=5760Kb used=1967Kb max_used=1984Kb free=3792Kb
 bounds [0x0000020cc5710000, 0x0000020cc5980000, 0x0000020cc5cb0000]
CodeCache: size=245760Kb, used=22995Kb, max_used=23012Kb, free=222763Kb
 total_blobs=9192, nmethods=8343, adapters=753, full_count=0
Compilation: enabled, stopped_count=0, restarted_count=0

Compilation events (20 events):
Event: 42.075 Thread 0x0000020cd295b120 10190       4       java.nio.ByteBuffer::clear (5 bytes)
Event: 42.076 Thread 0x0000020cd295c9b0 10194       3       com.google.common.collect.MapMakerInternalMap$Segment::getEntry (80 bytes)
Event: 42.076 Thread 0x0000020cd295b120 nmethod 10190 0x0000020cc626e690 code [0x0000020cc626e820, 0x0000020cc626e8e0]
Event: 42.078 Thread 0x0000020cd295c9b0 nmethod 10194 0x0000020cbf0a3a90 code [0x0000020cbf0a3d60, 0x0000020cbf0a4d30]
Event: 42.079 Thread 0x0000020cd295c9b0 10195       3       org.gradle.internal.service.DefaultServiceRegistry$ConstructorService::getParameterTypes (8 bytes)
Event: 42.080 Thread 0x0000020cd295b120 10196       4       java.util.Collections$1::next (25 bytes)
Event: 42.080 Thread 0x0000020cd295b120 nmethod 10196 0x0000020cc626e990 code [0x0000020cc626eb20, 0x0000020cc626ebd0]
Event: 42.081 Thread 0x0000020cd295c9b0 nmethod 10195 0x0000020cbf0a5210 code [0x0000020cbf0a5460, 0x0000020cbf0a5cf8]
Event: 42.081 Thread 0x0000020cd295c9b0 10197       3       org.gradle.internal.service.DefaultServiceRegistry$ConstructorService::createServiceInstance (12 bytes)
Event: 42.081 Thread 0x0000020cd295c9b0 nmethod 10197 0x0000020cbf0a5f90 code [0x0000020cbf0a6160, 0x0000020cbf0a63a8]
Event: 42.082 Thread 0x0000020cd295c9b0 10198   !   3       org.gradle.internal.service.DefaultServiceRegistry$ConstructorService::invokeMethod (74 bytes)
Event: 42.085 Thread 0x0000020cd295c9b0 nmethod 10198 0x0000020cbf0a6490 code [0x0000020cbf0a6880, 0x0000020cbf0a81a8]
Event: 42.093 Thread 0x0000020cd295c9b0 10199       3       org.gradle.api.internal.provider.ValueSupplier$Present::get (9 bytes)
Event: 42.094 Thread 0x0000020cd295c9b0 nmethod 10199 0x0000020cbf0a8b10 code [0x0000020cbf0a8ce0, 0x0000020cbf0a9080]
Event: 42.094 Thread 0x0000020cd295c9b0 10200       3       org.gradle.api.internal.provider.ValueSupplier$Present::runSideEffect (21 bytes)
Event: 42.094 Thread 0x0000020cd295c9b0 nmethod 10200 0x0000020cbf0a9290 code [0x0000020cbf0a9460, 0x0000020cbf0a9788]
Event: 42.104 Thread 0x0000020cd295b120 10201       4       org.objectweb.asm.Frame::merge (322 bytes)
Event: 42.108 Thread 0x0000020cd295b120 nmethod 10201 0x0000020cc626ec90 code [0x0000020cc626ee40, 0x0000020cc626f0d0]
Event: 42.131 Thread 0x0000020cd295b120 10202       4       org.gradle.internal.service.DefaultServiceRegistry$ParentServices::getService (12 bytes)
Event: 42.134 Thread 0x0000020cd295b120 nmethod 10202 0x0000020cc626f310 code [0x0000020cc626f4a0, 0x0000020cc626f640]

GC Heap History (20 events):
Event: 29.453 GC heap before
{Heap before GC invocations=25 (full 0):
 garbage-first heap   total 129024K, used 119946K [0x0000000080000000, 0x0000000100000000)
  region size 1024K, 47 young (48128K), 6 survivors (6144K)
 Metaspace       used 66058K, committed 67648K, reserved 1114112K
  class space    used 9315K, committed 10112K, reserved 1048576K
}
Event: 29.464 GC heap after
{Heap after GC invocations=26 (full 0):
 garbage-first heap   total 130048K, used 78098K [0x0000000080000000, 0x0000000100000000)
  region size 1024K, 4 young (4096K), 4 survivors (4096K)
 Metaspace       used 66058K, committed 67648K, reserved 1114112K
  class space    used 9315K, committed 10112K, reserved 1048576K
}
Event: 29.714 GC heap before
{Heap before GC invocations=26 (full 0):
 garbage-first heap   total 130048K, used 121106K [0x0000000080000000, 0x0000000100000000)
  region size 1024K, 46 young (47104K), 4 survivors (4096K)
 Metaspace       used 66059K, committed 67648K, reserved 1114112K
  class space    used 9315K, committed 10112K, reserved 1048576K
}
Event: 29.725 GC heap after
{Heap after GC invocations=27 (full 0):
 garbage-first heap   total 130048K, used 79393K [0x0000000080000000, 0x0000000100000000)
  region size 1024K, 5 young (5120K), 5 survivors (5120K)
 Metaspace       used 66059K, committed 67648K, reserved 1114112K
  class space    used 9315K, committed 10112K, reserved 1048576K
}
Event: 30.981 GC heap before
{Heap before GC invocations=28 (full 0):
 garbage-first heap   total 135168K, used 119329K [0x0000000080000000, 0x0000000100000000)
  region size 1024K, 45 young (46080K), 5 survivors (5120K)
 Metaspace       used 66394K, committed 67968K, reserved 1114112K
  class space    used 9346K, committed 10112K, reserved 1048576K
}
Event: 30.991 GC heap after
{Heap after GC invocations=29 (full 0):
 garbage-first heap   total 135168K, used 80826K [0x0000000080000000, 0x0000000100000000)
  region size 1024K, 4 young (4096K), 4 survivors (4096K)
 Metaspace       used 66394K, committed 67968K, reserved 1114112K
  class space    used 9346K, committed 10112K, reserved 1048576K
}
Event: 32.308 GC heap before
{Heap before GC invocations=29 (full 0):
 garbage-first heap   total 135168K, used 124858K [0x0000000080000000, 0x0000000100000000)
  region size 1024K, 48 young (49152K), 4 survivors (4096K)
 Metaspace       used 66743K, committed 68288K, reserved 1114112K
  class space    used 9364K, committed 10112K, reserved 1048576K
}
Event: 32.322 GC heap after
{Heap after GC invocations=30 (full 0):
 garbage-first heap   total 136192K, used 84345K [0x0000000080000000, 0x0000000100000000)
  region size 1024K, 6 young (6144K), 6 survivors (6144K)
 Metaspace       used 66743K, committed 68288K, reserved 1114112K
  class space    used 9364K, committed 10112K, reserved 1048576K
}
Event: 32.930 GC heap before
{Heap before GC invocations=30 (full 0):
 garbage-first heap   total 136192K, used 126329K [0x0000000080000000, 0x0000000100000000)
  region size 1024K, 47 young (48128K), 6 survivors (6144K)
 Metaspace       used 66805K, committed 68352K, reserved 1114112K
  class space    used 9364K, committed 10112K, reserved 1048576K
}
Event: 32.941 GC heap after
{Heap after GC invocations=31 (full 0):
 garbage-first heap   total 136192K, used 84923K [0x0000000080000000, 0x0000000100000000)
  region size 1024K, 1 young (1024K), 1 survivors (1024K)
 Metaspace       used 66805K, committed 68352K, reserved 1114112K
  class space    used 9364K, committed 10112K, reserved 1048576K
}
Event: 33.455 GC heap before
{Heap before GC invocations=32 (full 0):
 garbage-first heap   total 143360K, used 127931K [0x0000000080000000, 0x0000000100000000)
  region size 1024K, 43 young (44032K), 1 survivors (1024K)
 Metaspace       used 66794K, committed 68352K, reserved 1114112K
  class space    used 9360K, committed 10112K, reserved 1048576K
}
Event: 33.457 GC heap after
{Heap after GC invocations=33 (full 0):
 garbage-first heap   total 143360K, used 84950K [0x0000000080000000, 0x0000000100000000)
  region size 1024K, 1 young (1024K), 1 survivors (1024K)
 Metaspace       used 66794K, committed 68352K, reserved 1114112K
  class space    used 9360K, committed 10112K, reserved 1048576K
}
Event: 34.256 GC heap before
{Heap before GC invocations=33 (full 0):
 garbage-first heap   total 143360K, used 135126K [0x0000000080000000, 0x0000000100000000)
  region size 1024K, 50 young (51200K), 1 survivors (1024K)
 Metaspace       used 66826K, committed 68352K, reserved 1114112K
  class space    used 9360K, committed 10112K, reserved 1048576K
}
Event: 34.260 GC heap after
{Heap after GC invocations=34 (full 0):
 garbage-first heap   total 143360K, used 84251K [0x0000000080000000, 0x0000000100000000)
  region size 1024K, 1 young (1024K), 1 survivors (1024K)
 Metaspace       used 66826K, committed 68352K, reserved 1114112K
  class space    used 9360K, committed 10112K, reserved 1048576K
}
Event: 34.650 GC heap before
{Heap before GC invocations=34 (full 0):
 garbage-first heap   total 143360K, used 134427K [0x0000000080000000, 0x0000000100000000)
  region size 1024K, 50 young (51200K), 1 survivors (1024K)
 Metaspace       used 66886K, committed 68416K, reserved 1114112K
  class space    used 9360K, committed 10112K, reserved 1048576K
}
Event: 34.653 GC heap after
{Heap after GC invocations=35 (full 0):
 garbage-first heap   total 143360K, used 85856K [0x0000000080000000, 0x0000000100000000)
  region size 1024K, 2 young (2048K), 2 survivors (2048K)
 Metaspace       used 66886K, committed 68416K, reserved 1114112K
  class space    used 9360K, committed 10112K, reserved 1048576K
}
Event: 36.049 GC heap before
{Heap before GC invocations=36 (full 0):
 garbage-first heap   total 145408K, used 133984K [0x0000000080000000, 0x0000000100000000)
  region size 1024K, 49 young (50176K), 2 survivors (2048K)
 Metaspace       used 68719K, committed 70400K, reserved 1114112K
  class space    used 9599K, committed 10368K, reserved 1048576K
}
Event: 36.054 GC heap after
{Heap after GC invocations=37 (full 0):
 garbage-first heap   total 175104K, used 87258K [0x0000000080000000, 0x0000000100000000)
  region size 1024K, 4 young (4096K), 4 survivors (4096K)
 Metaspace       used 68719K, committed 70400K, reserved 1114112K
  class space    used 9599K, committed 10368K, reserved 1048576K
}
Event: 40.358 GC heap before
{Heap before GC invocations=37 (full 0):
 garbage-first heap   total 175104K, used 157914K [0x0000000080000000, 0x0000000100000000)
  region size 1024K, 74 young (75776K), 4 survivors (4096K)
 Metaspace       used 77588K, committed 79296K, reserved 1179648K
  class space    used 10843K, committed 11648K, reserved 1048576K
}
Event: 40.369 GC heap after
{Heap after GC invocations=38 (full 0):
 garbage-first heap   total 175104K, used 91147K [0x0000000080000000, 0x0000000100000000)
  region size 1024K, 8 young (8192K), 8 survivors (8192K)
 Metaspace       used 77588K, committed 79296K, reserved 1179648K
  class space    used 10843K, committed 11648K, reserved 1048576K
}

Dll operation events (3 events):
Event: 0.109 Loaded shared library C:\Program Files\Android\Android Studio\jbr\bin\java.dll
Event: 0.162 Loaded shared library C:\Program Files\Android\Android Studio\jbr\bin\zip.dll
Event: 4.481 Loaded shared library C:\Program Files\Android\Android Studio\jbr\bin\verify.dll

Deoptimization events (20 events):
Event: 40.852 Thread 0x0000020cd99e9ad0 Uncommon trap: trap_request=0xffffffbe fr.pc=0x0000020cc62601f0 relative=0x0000000000000370
Event: 40.852 Thread 0x0000020cd99e9ad0 Uncommon trap: reason=profile_predicate action=maybe_recompile pc=0x0000020cc62601f0 method=sun.instrument.TransformerManager.transform(Ljava/lang/Module;Ljava/lang/ClassLoader;Ljava/lang/String;Ljava/lang/Class;Ljava/security/ProtectionDomain;[B)[B @ 21 
Event: 40.852 Thread 0x0000020cd99e9ad0 DEOPT PACKING pc=0x0000020cc62601f0 sp=0x00000067c1bf57d0
Event: 40.852 Thread 0x0000020cd99e9ad0 DEOPT UNPACKING pc=0x0000020cc57643a2 sp=0x00000067c1bf56a0 mode 2
Event: 40.853 Thread 0x0000020cd99e9ad0 Uncommon trap: trap_request=0xffffffbe fr.pc=0x0000020cc6260e5c relative=0x00000000000002fc
Event: 40.854 Thread 0x0000020cd99e9ad0 Uncommon trap: reason=profile_predicate action=maybe_recompile pc=0x0000020cc6260e5c method=sun.instrument.TransformerManager.transform(Ljava/lang/Module;Ljava/lang/ClassLoader;Ljava/lang/String;Ljava/lang/Class;Ljava/security/ProtectionDomain;[B)[B @ 21 
Event: 40.854 Thread 0x0000020cd99e9ad0 DEOPT PACKING pc=0x0000020cc6260e5c sp=0x00000067c1bf3c20
Event: 40.854 Thread 0x0000020cd99e9ad0 DEOPT UNPACKING pc=0x0000020cc57643a2 sp=0x00000067c1bf3bd8 mode 2
Event: 40.954 Thread 0x0000020cd99e9ad0 Uncommon trap: trap_request=0xffffff54 fr.pc=0x0000020cc5ff8f90 relative=0x0000000000001790
Event: 40.954 Thread 0x0000020cd99e9ad0 Uncommon trap: reason=speculate_null_assert action=make_not_entrant pc=0x0000020cc5ff8f90 method=java.util.jar.JarFile.getVersionedEntry(Ljava/lang/String;Ljava/util/jar/JarEntry;)Ljava/util/jar/JarEntry; @ 115 c2
Event: 40.954 Thread 0x0000020cd99e9ad0 DEOPT PACKING pc=0x0000020cc5ff8f90 sp=0x00000067c1bf69b0
Event: 40.954 Thread 0x0000020cd99e9ad0 DEOPT UNPACKING pc=0x0000020cc57643a2 sp=0x00000067c1bf69b8 mode 2
Event: 40.954 Thread 0x0000020cd99e9ad0 Uncommon trap: trap_request=0xffffff45 fr.pc=0x0000020cc5d3a5fc relative=0x0000000000000f3c
Event: 40.954 Thread 0x0000020cd99e9ad0 Uncommon trap: reason=unstable_if action=reinterpret pc=0x0000020cc5d3a5fc method=java.util.jar.JarFile.getEntry(Ljava/lang/String;)Ljava/util/zip/ZipEntry; @ 15 c2
Event: 40.954 Thread 0x0000020cd99e9ad0 DEOPT PACKING pc=0x0000020cc5d3a5fc sp=0x00000067c1bf6a80
Event: 40.954 Thread 0x0000020cd99e9ad0 DEOPT UNPACKING pc=0x0000020cc57643a2 sp=0x00000067c1bf6a78 mode 2
Event: 42.033 Thread 0x0000020cd99e9ad0 Uncommon trap: trap_request=0xffffffd6 fr.pc=0x0000020cc5feadb0 relative=0x0000000000000950
Event: 42.033 Thread 0x0000020cd99e9ad0 Uncommon trap: reason=array_check action=maybe_recompile pc=0x0000020cc5feadb0 method=java.util.TimSort.binarySort([Ljava/lang/Object;IIILjava/util/Comparator;)V @ 183 c2
Event: 42.033 Thread 0x0000020cd99e9ad0 DEOPT PACKING pc=0x0000020cc5feadb0 sp=0x00000067c1bf7dc0
Event: 42.033 Thread 0x0000020cd99e9ad0 DEOPT UNPACKING pc=0x0000020cc57643a2 sp=0x00000067c1bf7d58 mode 2

Classes loaded (20 events):
Event: 39.788 Loading class sun/security/ssl/NewSessionTicket$NewSessionTicketMessage done
Event: 39.788 Loading class sun/security/ssl/NewSessionTicket$T12NewSessionTicketMessage done
Event: 39.788 Loading class sun/security/ssl/SSLCipher$T12GcmReadCipherGenerator$GcmReadCipher
Event: 39.788 Loading class sun/security/ssl/SSLCipher$T12GcmReadCipherGenerator$GcmReadCipher done
Event: 39.789 Loading class com/sun/crypto/provider/GaloisCounterMode$GCMDecrypt
Event: 39.789 Loading class com/sun/crypto/provider/GaloisCounterMode$GCMDecrypt done
Event: 39.789 Loading class com/sun/crypto/provider/GaloisCounterMode$DecryptOp
Event: 39.790 Loading class com/sun/crypto/provider/GaloisCounterMode$DecryptOp done
Event: 39.791 Loading class jdk/internal/event/TLSHandshakeEvent
Event: 39.791 Loading class jdk/internal/event/TLSHandshakeEvent done
Event: 39.791 Loading class javax/net/ssl/SSLEngineResult$HandshakeStatus
Event: 39.791 Loading class javax/net/ssl/SSLEngineResult$HandshakeStatus done
Event: 40.413 Loading class sun/security/ssl/Alert
Event: 40.413 Loading class sun/security/ssl/Alert done
Event: 40.414 Loading class sun/security/ssl/Alert$AlertConsumer
Event: 40.414 Loading class sun/security/ssl/Alert$AlertConsumer done
Event: 40.414 Loading class sun/security/ssl/Alert$Level
Event: 40.414 Loading class sun/security/ssl/Alert$Level done
Event: 40.945 Loading class java/util/concurrent/atomic/AtomicLongArray
Event: 40.946 Loading class java/util/concurrent/atomic/AtomicLongArray done

Classes unloaded (9 events):
Event: 28.058 Thread 0x0000020cd278e290 Unloading class 0x00000001008a8420 '_BuildScript_$_run_closure1$_closure2'
Event: 28.058 Thread 0x0000020cd278e290 Unloading class 0x00000001008a8000 '_BuildScript_$_run_closure1'
Event: 28.058 Thread 0x0000020cd278e290 Unloading class 0x00000001008a4000 '_BuildScript_'
Event: 33.042 Thread 0x0000020cd278e290 Unloading class 0x00000001008a8420 '_BuildScript_$_run_closure2'
Event: 33.042 Thread 0x0000020cd278e290 Unloading class 0x00000001008a8000 '_BuildScript_$_run_closure1'
Event: 33.042 Thread 0x0000020cd278e290 Unloading class 0x00000001008a4000 '_BuildScript_'
Event: 34.769 Thread 0x0000020cd278e290 Unloading class 0x00000001009d3420 '_BuildScript_$_run_closure1$_closure2'
Event: 34.769 Thread 0x0000020cd278e290 Unloading class 0x00000001009d3000 '_BuildScript_$_run_closure1'
Event: 34.769 Thread 0x0000020cd278e290 Unloading class 0x00000001009d2800 '_BuildScript_'

Classes redefined (0 events):
No events

Internal exceptions (20 events):
Event: 37.500 Thread 0x0000020cd99e9ad0 Exception <a 'java/lang/NoSuchMethodError'{0x0000000087cf92f8}: 'java.lang.Object java.lang.invoke.DirectMethodHandle$Holder.invokeSpecial(java.lang.Object, java.lang.Object, java.lang.Object, long, java.lang.Object)'> (0x0000000087cf92f8) 
thrown [s\src\hotspot\share\interpreter\linkResolver.cpp, line 784]
Event: 37.500 Thread 0x0000020cd99e9ad0 Exception <a 'java/lang/NoSuchMethodError'{0x0000000087cfdc48}: 'java.lang.Object java.lang.invoke.Invokers$Holder.linkToTargetMethod(java.lang.Object, long, java.lang.Object, java.lang.Object)'> (0x0000000087cfdc48) 
thrown [s\src\hotspot\share\interpreter\linkResolver.cpp, line 784]
Event: 37.505 Thread 0x0000020cd99e9ad0 Exception <a 'java/lang/NoSuchMethodError'{0x0000000087b1fe10}: 'void java.lang.invoke.DirectMethodHandle$Holder.invokeStatic(java.lang.Object, java.lang.Object, java.lang.Object, int, java.lang.Object)'> (0x0000000087b1fe10) 
thrown [s\src\hotspot\share\interpreter\linkResolver.cpp, line 784]
Event: 37.528 Thread 0x0000020cd99e9ad0 Implicit null exception at 0x0000020cc5ee1a9e to 0x0000020cc5ee1d28
Event: 37.646 Thread 0x0000020cd99e9ad0 Exception <a 'sun/nio/fs/WindowsException'{0x00000000879d1518}> (0x00000000879d1518) 
thrown [s\src\hotspot\share\prims\jni.cpp, line 537]
Event: 37.754 Thread 0x0000020cd99e9ad0 Exception <a 'sun/nio/fs/WindowsException'{0x000000008770e840}> (0x000000008770e840) 
thrown [s\src\hotspot\share\prims\jni.cpp, line 537]
Event: 38.401 Thread 0x0000020cd99e9ad0 Exception <a 'sun/nio/fs/WindowsException'{0x00000000868d23e8}> (0x00000000868d23e8) 
thrown [s\src\hotspot\share\prims\jni.cpp, line 537]
Event: 40.294 Thread 0x0000020cd99e9ad0 Exception <a 'sun/nio/fs/WindowsException'{0x00000000861467e0}> (0x00000000861467e0) 
thrown [s\src\hotspot\share\prims\jni.cpp, line 537]
Event: 40.352 Thread 0x0000020cd99e9ad0 Exception <a 'sun/nio/fs/WindowsException'{0x00000000860a5788}> (0x00000000860a5788) 
thrown [s\src\hotspot\share\prims\jni.cpp, line 537]
Event: 40.388 Thread 0x0000020cd99e9ad0 Exception <a 'sun/nio/fs/WindowsException'{0x00000000ffc3e858}> (0x00000000ffc3e858) 
thrown [s\src\hotspot\share\prims\jni.cpp, line 537]
Event: 40.410 Thread 0x0000020cd99e9ad0 Exception <a 'sun/nio/fs/WindowsException'{0x00000000ffc7dd70}> (0x00000000ffc7dd70) 
thrown [s\src\hotspot\share\prims\jni.cpp, line 537]
Event: 40.411 Thread 0x0000020cd2935c50 Implicit null exception at 0x0000020cc61e1b36 to 0x0000020cc61e2d30
Event: 40.436 Thread 0x0000020cd99e9ad0 Exception <a 'sun/nio/fs/WindowsException'{0x000000008a446c30}> (0x000000008a446c30) 
thrown [s\src\hotspot\share\prims\jni.cpp, line 537]
Event: 40.464 Thread 0x0000020cd99e9ad0 Exception <a 'sun/nio/fs/WindowsException'{0x000000008a488d18}> (0x000000008a488d18) 
thrown [s\src\hotspot\share\prims\jni.cpp, line 537]
Event: 40.481 Thread 0x0000020cd99e9ad0 Exception <a 'sun/nio/fs/WindowsException'{0x000000008a308288}> (0x000000008a308288) 
thrown [s\src\hotspot\share\prims\jni.cpp, line 537]
Event: 40.504 Thread 0x0000020cd99e9ad0 Exception <a 'sun/nio/fs/WindowsException'{0x000000008a34b9d8}> (0x000000008a34b9d8) 
thrown [s\src\hotspot\share\prims\jni.cpp, line 537]
Event: 40.624 Thread 0x0000020cd7dd1fd0 Exception <a 'sun/nio/fs/WindowsException'{0x000000008a4b3700}> (0x000000008a4b3700) 
thrown [s\src\hotspot\share\prims\jni.cpp, line 537]
Event: 41.995 Thread 0x0000020cd99e9ad0 Exception <a 'sun/nio/fs/WindowsException'{0x00000000885cb1c8}> (0x00000000885cb1c8) 
thrown [s\src\hotspot\share\prims\jni.cpp, line 537]
Event: 42.039 Thread 0x0000020cd99e9ad0 Exception <a 'sun/nio/fs/WindowsException'{0x000000008844ef78}> (0x000000008844ef78) 
thrown [s\src\hotspot\share\prims\jni.cpp, line 537]
Event: 42.061 Thread 0x0000020cd99e9ad0 Exception <a 'sun/nio/fs/WindowsException'{0x0000000088468388}> (0x0000000088468388) 
thrown [s\src\hotspot\share\prims\jni.cpp, line 537]

ZGC Phase Switch (0 events):
No events

VM Operations (20 events):
Event: 37.799 Executing VM operation: HandshakeAllThreads (Deoptimize)
Event: 37.799 Executing VM operation: HandshakeAllThreads (Deoptimize) done
Event: 37.958 Executing VM operation: HandshakeAllThreads (Deoptimize)
Event: 37.958 Executing VM operation: HandshakeAllThreads (Deoptimize) done
Event: 38.134 Executing VM operation: HandshakeAllThreads (Deoptimize)
Event: 38.135 Executing VM operation: HandshakeAllThreads (Deoptimize) done
Event: 38.374 Executing VM operation: HandshakeAllThreads (Deoptimize)
Event: 38.374 Executing VM operation: HandshakeAllThreads (Deoptimize) done
Event: 38.807 Executing VM operation: HandshakeAllThreads (Deoptimize)
Event: 38.807 Executing VM operation: HandshakeAllThreads (Deoptimize) done
Event: 38.807 Executing VM operation: Cleanup
Event: 38.807 Executing VM operation: Cleanup done
Event: 39.815 Executing VM operation: Cleanup
Event: 39.819 Executing VM operation: Cleanup done
Event: 40.230 Executing VM operation: HandshakeAllThreads (Deoptimize)
Event: 40.231 Executing VM operation: HandshakeAllThreads (Deoptimize) done
Event: 40.358 Executing VM operation: G1CollectForAllocation (G1 Evacuation Pause)
Event: 40.370 Executing VM operation: G1CollectForAllocation (G1 Evacuation Pause) done
Event: 41.374 Executing VM operation: Cleanup
Event: 41.374 Executing VM operation: Cleanup done

Memory protections (0 events):
No events

Nmethod flushes (20 events):
Event: 34.779 Thread 0x0000020cd278e290 flushing  nmethod 0x0000020cbecfd810
Event: 34.779 Thread 0x0000020cd278e290 flushing  nmethod 0x0000020cbed46610
Event: 34.779 Thread 0x0000020cd278e290 flushing  nmethod 0x0000020cbed47e10
Event: 34.779 Thread 0x0000020cd278e290 flushing  nmethod 0x0000020cbed49f90
Event: 34.779 Thread 0x0000020cd278e290 flushing  nmethod 0x0000020cbed4e490
Event: 34.779 Thread 0x0000020cd278e290 flushing  nmethod 0x0000020cbed6df10
Event: 34.779 Thread 0x0000020cd278e290 flushing  nmethod 0x0000020cbed6e810
Event: 34.779 Thread 0x0000020cd278e290 flushing  nmethod 0x0000020cbed6f910
Event: 34.779 Thread 0x0000020cd278e290 flushing  nmethod 0x0000020cbed72d90
Event: 34.779 Thread 0x0000020cd278e290 flushing  nmethod 0x0000020cbed8d790
Event: 34.779 Thread 0x0000020cd278e290 flushing  nmethod 0x0000020cbed8e210
Event: 34.779 Thread 0x0000020cd278e290 flushing  nmethod 0x0000020cbed8e590
Event: 34.779 Thread 0x0000020cd278e290 flushing  nmethod 0x0000020cbed8ef10
Event: 34.779 Thread 0x0000020cd278e290 flushing  nmethod 0x0000020cbedaab90
Event: 34.779 Thread 0x0000020cd278e290 flushing  nmethod 0x0000020cbedab090
Event: 34.779 Thread 0x0000020cd278e290 flushing  nmethod 0x0000020cbea5a790
Event: 34.779 Thread 0x0000020cd278e290 flushing  nmethod 0x0000020cbea5bb10
Event: 34.779 Thread 0x0000020cd278e290 flushing  nmethod 0x0000020cbeab0790
Event: 34.779 Thread 0x0000020cd278e290 flushing  nmethod 0x0000020cbeab1010
Event: 34.779 Thread 0x0000020cd278e290 flushing  nmethod 0x0000020cbeab2e10

Events (20 events):
Event: 30.160 Thread 0x0000020cd99e9ad0 Thread added: 0x0000020cd8e6d0e0
Event: 30.645 Thread 0x0000020cd99e9ad0 Thread added: 0x0000020cd8e6d770
Event: 30.646 Thread 0x0000020cd99e9ad0 Thread added: 0x0000020cd8e6de00
Event: 30.647 Thread 0x0000020cd99e9ad0 Thread added: 0x0000020cd8e6ca50
Event: 30.648 Thread 0x0000020cd99e9ad0 Thread added: 0x0000020cd8e6e490
Event: 30.649 Thread 0x0000020cd99e9ad0 Thread added: 0x0000020cd8e6eb20
Event: 30.650 Thread 0x0000020cd99e9ad0 Thread added: 0x0000020cd8e6f1b0
Event: 30.651 Thread 0x0000020cd99e9ad0 Thread added: 0x0000020cd8e6bd30
Event: 37.722 Thread 0x0000020cd8db5670 Thread exited: 0x0000020cd8db5670
Event: 37.842 Thread 0x0000020cd295c9b0 Thread added: 0x0000020cd8db3460
Event: 37.857 Thread 0x0000020cd295c9b0 Thread added: 0x0000020cd8db4fa0
Event: 38.676 Thread 0x0000020cd8db4fa0 Thread exited: 0x0000020cd8db4fa0
Event: 38.676 Thread 0x0000020cd8db3460 Thread exited: 0x0000020cd8db3460
Event: 39.750 Thread 0x0000020cd295b120 Thread added: 0x0000020cd8db48d0
Event: 40.134 Thread 0x0000020cd8db48d0 Thread exited: 0x0000020cd8db48d0
Event: 40.325 Thread 0x0000020cd99e9ad0 Thread added: 0x0000020cd8e73350
Event: 40.347 Thread 0x0000020cd99e9ad0 Thread added: 0x0000020cd8e70bf0
Event: 40.380 Thread 0x0000020cd99e9ad0 Thread added: 0x0000020cd8e71fa0
Event: 40.653 Thread 0x0000020cd295c9b0 Thread added: 0x0000020cd8db5670
Event: 40.956 Thread 0x0000020cd8db5670 Thread exited: 0x0000020cd8db5670


Dynamic libraries:
0x00007ff7b29d0000 - 0x00007ff7b29da000 	C:\Program Files\Android\Android Studio\jbr\bin\java.exe
0x00007ff9eb940000 - 0x00007ff9ebba7000 	C:\WINDOWS\SYSTEM32\ntdll.dll
0x00007ff9ea090000 - 0x00007ff9ea159000 	C:\WINDOWS\System32\KERNEL32.DLL
0x00007ff9e8830000 - 0x00007ff9e8c21000 	C:\WINDOWS\System32\KERNELBASE.dll
0x00007ff9e8220000 - 0x00007ff9e836b000 	C:\WINDOWS\System32\ucrtbase.dll
0x00007ff9e38c0000 - 0x00007ff9e38d8000 	C:\Program Files\Android\Android Studio\jbr\bin\jli.dll
0x00007ff9c3ec0000 - 0x00007ff9c3edb000 	C:\Program Files\Android\Android Studio\jbr\bin\VCRUNTIME140.dll
0x00007ff9e98a0000 - 0x00007ff9e9a65000 	C:\WINDOWS\System32\USER32.dll
0x00007ff9e8420000 - 0x00007ff9e8447000 	C:\WINDOWS\System32\win32u.dll
0x00007ff9d6e40000 - 0x00007ff9d70d3000 	C:\WINDOWS\WinSxS\amd64_microsoft.windows.common-controls_6595b64144ccf1df_6.0.26100.8037_none_3e092faae333b53b\COMCTL32.dll
0x00007ff9e9cd0000 - 0x00007ff9e9cfb000 	C:\WINDOWS\System32\GDI32.dll
0x00007ff9eaa90000 - 0x00007ff9eab39000 	C:\WINDOWS\System32\msvcrt.dll
0x00007ff9e8450000 - 0x00007ff9e857b000 	C:\WINDOWS\System32\gdi32full.dll
0x00007ff9e8370000 - 0x00007ff9e8413000 	C:\WINDOWS\System32\msvcp_win.dll
0x00007ff9eb8c0000 - 0x00007ff9eb8f1000 	C:\WINDOWS\System32\IMM32.DLL
0x0000000054090000 - 0x000000005409c000 	C:\Program Files (x86)\360\Total Security\safemon\SafeWrapper.dll
0x00007ff9e9d00000 - 0x00007ff9e9dbb000 	C:\WINDOWS\System32\ADVAPI32.dll
0x00007ff9e9e70000 - 0x00007ff9e9f17000 	C:\WINDOWS\System32\sechost.dll
0x00007ff9eafd0000 - 0x00007ff9eb0e8000 	C:\WINDOWS\System32\RPCRT4.dll
0x00007ff95c3e0000 - 0x00007ff95c48c000 	C:\Program Files (x86)\360\Total Security\safemon\libzdtp64.dll
0x00007ff9ea210000 - 0x00007ff9ea96f000 	C:\WINDOWS\System32\SHELL32.dll
0x00007ff9e86c0000 - 0x00007ff9e882a000 	C:\WINDOWS\System32\wintypes.dll
0x00007ff9eab40000 - 0x00007ff9eaec2000 	C:\WINDOWS\System32\combase.dll
0x00007ff9eaa10000 - 0x00007ff9eaa77000 	C:\WINDOWS\System32\SHLWAPI.dll
0x00007ff9e8c30000 - 0x00007ff9e9494000 	C:\WINDOWS\System32\Windows.Storage.dll
0x00007ff9e7b00000 - 0x00007ff9e7b0b000 	C:\WINDOWS\SYSTEM32\VERSION.dll
0x00007ff9c3eb0000 - 0x00007ff9c3ebc000 	C:\Program Files\Android\Android Studio\jbr\bin\vcruntime140_1.dll
0x00007ff95e260000 - 0x00007ff95e2ed000 	C:\Program Files\Android\Android Studio\jbr\bin\msvcp140.dll
0x00007ff95afb0000 - 0x00007ff95bc46000 	C:\Program Files\Android\Android Studio\jbr\bin\server\jvm.dll
0x00007ff9e8080000 - 0x00007ff9e80de000 	C:\WINDOWS\SYSTEM32\POWRPROF.dll
0x00007ff9e9820000 - 0x00007ff9e9894000 	C:\WINDOWS\System32\WS2_32.dll
0x00007ff9e1510000 - 0x00007ff9e1545000 	C:\WINDOWS\SYSTEM32\WINMM.dll
0x00007ff9e8060000 - 0x00007ff9e8074000 	C:\WINDOWS\SYSTEM32\UMPDC.dll
0x00007ff9e6f40000 - 0x00007ff9e6f5b000 	C:\WINDOWS\SYSTEM32\kernel.appcore.dll
0x00007ff9c3ea0000 - 0x00007ff9c3eaa000 	C:\Program Files\Android\Android Studio\jbr\bin\jimage.dll
0x00007ff9dc710000 - 0x00007ff9dc952000 	C:\WINDOWS\SYSTEM32\DBGHELP.DLL
0x00007ff9e9740000 - 0x00007ff9e9817000 	C:\WINDOWS\System32\OLEAUT32.dll
0x00007ff9d1240000 - 0x00007ff9d127b000 	C:\WINDOWS\SYSTEM32\dbgcore.DLL
0x00007ff9e8610000 - 0x00007ff9e86b5000 	C:\WINDOWS\System32\bcryptPrimitives.dll
0x00007ff9e38b0000 - 0x00007ff9e38be000 	C:\Program Files\Android\Android Studio\jbr\bin\instrument.dll
0x00007ff9c3e80000 - 0x00007ff9c3ea0000 	C:\Program Files\Android\Android Studio\jbr\bin\java.dll
0x00007ff9c3e60000 - 0x00007ff9c3e78000 	C:\Program Files\Android\Android Studio\jbr\bin\zip.dll
0x00007ff9eb0f0000 - 0x00007ff9eb1e7000 	C:\WINDOWS\System32\SHCORE.dll
0x00007ff9e8140000 - 0x00007ff9e8169000 	C:\WINDOWS\SYSTEM32\profapi.dll
0x00007ff9c3e50000 - 0x00007ff9c3e60000 	C:\Program Files\Android\Android Studio\jbr\bin\net.dll
0x00007ff9dda50000 - 0x00007ff9ddb77000 	C:\WINDOWS\SYSTEM32\WINHTTP.dll
0x00007ff9e74b0000 - 0x00007ff9e751b000 	C:\WINDOWS\system32\mswsock.dll
0x00007ff9c3130000 - 0x00007ff9c3146000 	C:\Program Files\Android\Android Studio\jbr\bin\nio.dll
0x00007ff9c3190000 - 0x00007ff9c31a0000 	C:\Program Files\Android\Android Studio\jbr\bin\verify.dll
0x00007ff9bf340000 - 0x00007ff9bf367000 	C:\Users\MyBook Hype AMD\.gradle\native\660c5614fbf4a5f2a75b1949f50a0caf5cd603558e7d8a26e50b933a0cfb79d1\windows-amd64\native-platform.dll
0x00007ff967950000 - 0x00007ff9679c7000 	C:\Users\MyBook Hype AMD\.gradle\native\0.2.8\x86_64-windows-gnu\gradle-fileevents.dll
0x00007ff9c2d10000 - 0x00007ff9c2d19000 	C:\Program Files\Android\Android Studio\jbr\bin\management.dll
0x00007ff9c2d00000 - 0x00007ff9c2d0b000 	C:\Program Files\Android\Android Studio\jbr\bin\management_ext.dll
0x00007ff9e9de0000 - 0x00007ff9e9de8000 	C:\WINDOWS\System32\PSAPI.DLL
0x00007ff9e69e0000 - 0x00007ff9e6a13000 	C:\WINDOWS\SYSTEM32\IPHLPAPI.DLL
0x00007ff9eaa80000 - 0x00007ff9eaa8a000 	C:\WINDOWS\System32\NSI.dll
0x00007ff9c3e40000 - 0x00007ff9c3e49000 	C:\Program Files\Android\Android Studio\jbr\bin\extnet.dll
0x00007ff9e77a0000 - 0x00007ff9e77bb000 	C:\WINDOWS\SYSTEM32\CRYPTSP.dll
0x00007ff9e6ea0000 - 0x00007ff9e6ed9000 	C:\WINDOWS\system32\rsaenh.dll
0x00007ff9e7560000 - 0x00007ff9e7592000 	C:\WINDOWS\SYSTEM32\USERENV.dll
0x00007ff9e8110000 - 0x00007ff9e813a000 	C:\WINDOWS\SYSTEM32\bcrypt.dll
0x00007ff9e7790000 - 0x00007ff9e779c000 	C:\WINDOWS\SYSTEM32\CRYPTBASE.dll
0x00007ff99c2e0000 - 0x00007ff99c2e8000 	C:\WINDOWS\system32\wshunix.dll
0x00007ff9e7060000 - 0x00007ff9e7096000 	C:\WINDOWS\SYSTEM32\ntmarta.dll
0x00007ff9e6a40000 - 0x00007ff9e6b6a000 	C:\WINDOWS\SYSTEM32\DNSAPI.dll
0x00007ff9dd490000 - 0x00007ff9dd49b000 	C:\Windows\System32\rasadhlp.dll
0x00007ff9db7d0000 - 0x00007ff9db856000 	C:\WINDOWS\System32\fwpuclnt.dll

JVMTI agents:
C:\Users\MyBook Hype AMD\.gradle\wrapper\dists\gradle-9.2.1-bin\2t0n5ozlw9xmuyvbp7dnzaxug\gradle-9.2.1\lib\agents\gradle-instrumentation-agent-9.2.1.jar path:C:\Program Files\Android\Android Studio\jbr\bin\instrument.dll, loaded, initialized, instrumentlib options:none

dbghelp: loaded successfully - version: 4.0.5 - missing functions: none
symbol engine: initialized successfully - sym options: 0x614 - pdb path: .;C:\Program Files\Android\Android Studio\jbr\bin;C:\WINDOWS\SYSTEM32;C:\WINDOWS\WinSxS\amd64_microsoft.windows.common-controls_6595b64144ccf1df_6.0.26100.8037_none_3e092faae333b53b;C:\Program Files (x86)\360\Total Security\safemon;C:\Program Files\Android\Android Studio\jbr\bin\server;C:\Users\MyBook Hype AMD\.gradle\native\660c5614fbf4a5f2a75b1949f50a0caf5cd603558e7d8a26e50b933a0cfb79d1\windows-amd64;C:\Users\MyBook Hype AMD\.gradle\native\0.2.8\x86_64-windows-gnu

VM Arguments:
jvm_args: --add-opens=java.base/java.lang=ALL-UNNAMED --add-opens=java.base/java.lang.invoke=ALL-UNNAMED --add-opens=java.base/java.util=ALL-UNNAMED --add-opens=java.prefs/java.util.prefs=ALL-UNNAMED --add-exports=jdk.compiler/com.sun.tools.javac.api=ALL-UNNAMED --add-exports=jdk.compiler/com.sun.tools.javac.util=ALL-UNNAMED --add-opens=java.base/java.util=ALL-UNNAMED --add-opens=java.prefs/java.util.prefs=ALL-UNNAMED --add-opens=java.base/java.nio.charset=ALL-UNNAMED --add-opens=java.base/java.net=ALL-UNNAMED --add-opens=java.base/java.util.concurrent=ALL-UNNAMED --add-opens=java.base/java.util.concurrent.atomic=ALL-UNNAMED --add-opens=java.xml/javax.xml.namespace=ALL-UNNAMED --add-opens=java.base/java.time=ALL-UNNAMED -Xmx2048m -Dfile.encoding=UTF-8 -Duser.country=ID -Duser.language=id -Duser.variant -javaagent:C:\Users\MyBook Hype AMD\.gradle\wrapper\dists\gradle-9.2.1-bin\2t0n5ozlw9xmuyvbp7dnzaxug\gradle-9.2.1\lib\agents\gradle-instrumentation-agent-9.2.1.jar 
java_command: org.gradle.launcher.daemon.bootstrap.GradleDaemon 9.2.1
java_class_path (initial): C:\Users\MyBook Hype AMD\.gradle\wrapper\dists\gradle-9.2.1-bin\2t0n5ozlw9xmuyvbp7dnzaxug\gradle-9.2.1\lib\gradle-daemon-main-9.2.1.jar
Launcher Type: SUN_STANDARD

[Global flags]
     intx CICompilerCount                          = 4                                         {product} {ergonomic}
     uint ConcGCThreads                            = 2                                         {product} {ergonomic}
     uint G1ConcRefinementThreads                  = 8                                         {product} {ergonomic}
   size_t G1HeapRegionSize                         = 1048576                                   {product} {ergonomic}
    uintx GCDrainStackTargetSize                   = 64                                        {product} {ergonomic}
   size_t InitialHeapSize                          = 117440512                                 {product} {ergonomic}
   size_t MarkStackSize                            = 4194304                                   {product} {ergonomic}
   size_t MaxHeapSize                              = 2147483648                                {product} {command line}
   size_t MaxNewSize                               = 1287651328                                {product} {ergonomic}
   size_t MinHeapDeltaBytes                        = 1048576                                   {product} {ergonomic}
   size_t MinHeapSize                              = 8388608                                   {product} {ergonomic}
    uintx NonNMethodCodeHeapSize                   = 5839372                                {pd product} {ergonomic}
    uintx NonProfiledCodeHeapSize                  = 122909434                              {pd product} {ergonomic}
    uintx ProfiledCodeHeapSize                     = 122909434                              {pd product} {ergonomic}
    uintx ReservedCodeCacheSize                    = 251658240                              {pd product} {ergonomic}
     bool SegmentedCodeCache                       = true                                      {product} {ergonomic}
   size_t SoftMaxHeapSize                          = 2147483648                             {manageable} {ergonomic}
     bool UseCompressedOops                        = true                           {product lp64_product} {ergonomic}
     bool UseG1GC                                  = true                                      {product} {ergonomic}
     bool UseLargePagesIndividualAllocation        = false                                  {pd product} {ergonomic}

Logging:
Log output configuration:
 #0: stdout all=warning uptime,level,tags foldmultilines=false
 #1: stderr all=off uptime,level,tags foldmultilines=false

Release file:
JAVA_VERSION="21.0.9" 
MODULES="java.base java.compiler java.datatransfer java.xml java.prefs java.desktop java.instrument java.logging java.management java.security.sasl java.naming java.rmi java.management.rmi java.net.http java.scripting java.security.jgss java.transaction.xa java.sql java.sql.rowset java.xml.crypto java.se java.smartcardio jdk.accessibility jdk.internal.jvmstat jdk.attach jdk.charsets jdk.internal.opt jdk.zipfs jdk.compiler jdk.crypto.ec jdk.crypto.cryptoki jdk.dynalink jdk.hotspot.agent jdk.httpserver jdk.internal.ed jdk.internal.le jdk.internal.vm.ci jdk.jartool jdk.javadoc jdk.jcmd jdk.jdeps jdk.jdwp.agent jdk.jdi jdk.jfr jdk.jlink jdk.jsobject jdk.localedata jdk.management jdk.management.agent jdk.management.jfr jdk.naming.dns jdk.naming.rmi jdk.net jdk.sctp jdk.security.auth jdk.security.jgss jdk.unsupported jdk.unsupported.desktop jdk.xml.dom" 
IMPLEMENTOR="JetBrains s.r.o." 
JAVA_RUNTIME_VERSION="21.0.9+-14649483-b1163.86" 
LIBC="default" 
OS_ARCH="x86_64" 
OS_NAME="Windows" 
SOURCE=".:git:554d0c326095" 

Environment Variables:
PATH=C:\Program Files\Common Files\Oracle\Java\javapath;C:\Program Files (x86)\Common Files\Oracle\Java\java8path;C:\Program Files (x86)\Common Files\Oracle\Java\javapath;C:\WINDOWS\system32;C:\WINDOWS;C:\WINDOWS\System32\Wbem;C:\WINDOWS\System32\WindowsPowerShell\v1.0\;C:\WINDOWS\System32\OpenSSH\;C:\Program Files (x86)\Microsoft SQL Server\160\Tools\Binn\;C:\Program Files\Microsoft SQL Server\160\Tools\Binn\;C:\Program Files\Microsoft SQL Server\Client SDK\ODBC\170\Tools\Binn\;C:\Program Files\Microsoft SQL Server\160\DTS\Binn\;C:\Program Files (x86)\Microsoft SQL Server\160\DTS\Binn\;C:\Program Files\Git\cmd;C:\Program Files\dotnet\;C:\1.xampp\php;C:\ProgramData\ComposerSetup\bin;C:\Users\MyBook Hype AMD\AppData\Local\Microsoft\WindowsApps;C:\Users\MyBook Hype AMD\AppData\Local\Programs\Microsoft VS Code\bin;C:\Users\MyBook Hype AMD\.dotnet\tools;C:\Users\MyBook Hype AMD\AppData\Roaming\Composer\vendor\bin
USERNAME=MyBook Hype AMD
OS=Windows_NT
PROCESSOR_IDENTIFIER=AMD64 Family 23 Model 24 Stepping 1, AuthenticAMD
TMP=C:\Users\MYBOOK~1\AppData\Local\Temp
TEMP=C:\Users\MYBOOK~1\AppData\Local\Temp




Periodic native trim disabled

JNI global refs:
JNI global refs: 26, weak refs: 0

JNI global refs memory usage: 835, weak refs: 833

Process memory usage:
Resident Set Size: 339408K (4% of 7286144K total physical memory with 606048K free physical memory)

OOME stack traces (most recent first):
Classloader memory used:
Loader org.gradle.internal.classloader.VisitableURLClassLoader                         : 42995K
Loader bootstrap                                                                       : 27619K
Loader org.gradle.initialization.MixInLegacyTypesClassLoader                           : 8546K
Loader org.gradle.internal.classloader.VisitableURLClassLoader                         : 875K
Loader jdk.internal.loader.ClassLoaders$PlatformClassLoader                            : 721K
Loader org.gradle.internal.classloader.VisitableURLClassLoader$InstrumentingVisitableURLClassLoader: 630K
Loader jdk.internal.loader.ClassLoaders$AppClassLoader                                 : 230K
Loader jdk.internal.reflect.DelegatingClassLoader                                      : 196K
Loader org.gradle.groovy.scripts.internal.DefaultScriptCompilationHandler$ScriptClassLoader: 91752B
Loader groovy.lang.GroovyClassLoader$InnerLoader                                       : 41312B


[error occurred during error reporting (Classloader stats), id 0xe0000001, Out of Memory Error (s\src\hotspot\share\memory\arena.cpp:168)]
---------------  S Y S T E M  ---------------

OS:
 Windows 11 , 64 bit Build 26100 (10.0.26100.7920)
OS uptime: 0 days 0:07 hours

CPU: total 8 (initial active 8) (8 cores per cpu, 2 threads per core) family 23 model 24 stepping 1 microcode 0x8108109, cx8, cmov, fxsr, ht, mmx, 3dnowpref, sse, sse2, sse3, ssse3, sse4a, sse4.1, sse4.2, popcnt, lzcnt, tsc, tscinvbit, avx, avx2, aes, clmul, bmi1, bmi2, adx, sha, fma, vzeroupper, clflush, clflushopt, rdtscp, f16c
Processor Information for the first 8 processors :
  Max Mhz: 2100, Current Mhz: 2100, Mhz Limit: 2100

Memory: 4k page, system-wide physical 7115M (639M free)
TotalPageFile size 12370M (AvailPageFile size 0M)
current process WorkingSet (physical memory assigned to process): 324M, peak: 375M
current process commit charge ("private bytes"): 414M, peak: 434M

vm_info: OpenJDK 64-Bit Server VM (21.0.9+-14649483-b1163.86) for windows-amd64 JRE (21.0.9+-14649483-b1163.86), built on 2025-12-30T22:08:35Z by "builder" with MS VC++ 16.10 / 16.11 (VS2019)

END.
